Ship Mode,Segment,Region,Sub-Category,Sales,Discount,Quarter
Standard Class,Home Office,South,Chairs,2573.82,0.0,1
Standard Class,Consumer,Central,Furnishings,76.728,0.6,1
Standard Class,Corporate,South,Furnishings,51.94,0.0,1
First Class,Consumer,East,Furnishings,9.94,0.0,1
Second Class,Consumer,South,Chairs,545.94,0.0,1
Standard Class,Consumer,West,Bookcases,333.999,0.15,1
First Class,Corporate,East,Bookcases,61.96,0.5,1
Second Class,Consumer,East,Furnishings,127.104,0.2,1
First Class,Consumer,West,Bookcases,181.47,0.7,1
Standard Class,Consumer,Central,Furnishings,272.94,0.0,1
Standard Class,Consumer,Central,Furnishings,14.73,0.0,1
Standard Class,Consumer,South,Furnishings,38.6,0.0,1
Standard Class,Consumer,West,Furnishings,19.3,0.0,1
Standard Class,Consumer,South,Chairs,1067.94,0.0,1
Second Class,Consumer,South,Furnishings,25.248,0.2,1
First Class,Corporate,Central,Bookcases,141.96,0.0,1
Standard Class,Home Office,South,Furnishings,12.42,0.0,1
Standard Class,Home Office,South,Furnishings,62.82,0.0,1
Standard Class,Consumer,West,Tables,333.0,0.2,1
First Class,Consumer,West,Bookcases,290.666,0.15,1
First Class,Home Office,West,Furnishings,14.56,0.0,1
Second Class,Consumer,Central,Chairs,60.89,0.0,1
Standard Class,Consumer,South,Tables,1256.22,0.0,1
Second Class,Consumer,Central,Furnishings,332.94,0.0,1
Standard Class,Consumer,West,Chairs,129.568,0.2,1
Same Day,Consumer,Central,Furnishings,25.16,0.6,1
Standard Class,Corporate,Central,Furnishings,20.32,0.0,1
Standard Class,Consumer,Central,Tables,376.509,0.3,1
Second Class,Consumer,West,Chairs,457.568,0.2,1
Standard Class,Home Office,Central,Chairs,634.116,0.3,1
Standard Class,Consumer,Central,Chairs,362.25,0.3,1
Standard Class,Consumer,Central,Furnishings,63.552,0.6,1
Standard Class,Consumer,West,Tables,626.352,0.2,1
Standard Class,Corporate,East,Bookcases,302.45,0.5,1
Standard Class,Corporate,West,Chairs,436.704,0.2,1
First Class,Consumer,West,Chairs,48.712,0.2,1
Standard Class,Corporate,West,Chairs,481.568,0.2,1
Second Class,Consumer,East,Furnishings,8.32,0.2,1
Standard Class,Home Office,South,Chairs,1139.92,0.0,1
Standard Class,Consumer,South,Furnishings,45.696,0.2,1
Standard Class,Corporate,East,Tables,1071.576,0.4,1
Standard Class,Corporate,East,Tables,613.908,0.4,1
Standard Class,Corporate,East,Tables,1579.746,0.4,1
Second Class,Home Office,West,Bookcases,1198.33,0.15,1
Standard Class,Home Office,West,Furnishings,111.0,0.0,1
Standard Class,Home Office,South,Furnishings,30.768,0.2,1
Standard Class,Home Office,South,Furnishings,122.352,0.2,1
First Class,Corporate,South,Furnishings,20.016,0.2,1
First Class,Corporate,South,Furnishings,4.992,0.2,1
Standard Class,Consumer,South,Chairs,218.376,0.2,1
Standard Class,Consumer,South,Furnishings,32.952,0.2,1
Standard Class,Corporate,West,Chairs,314.352,0.2,1
Second Class,Consumer,West,Furnishings,40.48,0.0,1
Standard Class,Consumer,East,Chairs,366.786,0.1,1
Standard Class,Home Office,East,Tables,330.588,0.4,1
Standard Class,Consumer,Central,Tables,1184.72,0.0,1
Standard Class,Consumer,Central,Tables,890.841,0.3,1
Standard Class,Consumer,West,Bookcases,205.666,0.15,1
First Class,Home Office,Central,Chairs,127.302,0.3,1
Same Day,Consumer,South,Chairs,1125.488,0.2,1
Standard Class,Corporate,South,Furnishings,177.68,0.0,2
Standard Class,Consumer,Central,Furnishings,5.47,0.0,2
Standard Class,Corporate,West,Furnishings,91.96,0.0,2
Standard Class,Corporate,West,Tables,653.55,0.0,2
First Class,Home Office,East,Tables,154.764,0.4,2
Standard Class,Corporate,West,Furnishings,33.11,0.0,2
First Class,Consumer,South,Furnishings,8.96,0.0,2
Standard Class,Home Office,West,Tables,99.592,0.2,2
Standard Class,Corporate,South,Tables,1215.92,0.0,2
Standard Class,Consumer,East,Tables,172.11,0.4,2
Standard Class,Corporate,West,Bookcases,308.499,0.15,2
Same Day,Home Office,West,Furnishings,187.76,0.0,2
Standard Class,Consumer,Central,Chairs,317.058,0.3,2
Second Class,Home Office,West,Furnishings,76.14,0.0,2
Second Class,Consumer,Central,Tables,744.1,0.3,2
Second Class,Consumer,Central,Tables,401.59,0.3,2
Standard Class,Consumer,West,Furnishings,59.92,0.0,2
Standard Class,Home Office,East,Chairs,281.372,0.3,2
Standard Class,Home Office,East,Chairs,281.372,0.3,2
Standard Class,Home Office,East,Furnishings,22.336,0.2,2
Standard Class,Home Office,West,Furnishings,303.25,0.0,2
Standard Class,Home Office,West,Chairs,1487.04,0.2,2
Standard Class,Corporate,West,Chairs,230.28,0.2,2
Second Class,Consumer,South,Chairs,51.96,0.0,2
Standard Class,Corporate,South,Chairs,561.584,0.2,2
Standard Class,Consumer,East,Furnishings,17.46,0.0,2
Same Day,Consumer,East,Furnishings,27.46,0.0,2
First Class,Corporate,West,Furnishings,12.18,0.0,2
First Class,Consumer,Central,Chairs,127.869,0.3,2
Standard Class,Consumer,East,Tables,194.25,0.3,2
Standard Class,Consumer,East,Chairs,872.32,0.0,2
Standard Class,Consumer,West,Chairs,256.784,0.2,2
Second Class,Consumer,East,Bookcases,349.965,0.5,2
Standard Class,Consumer,Central,Furnishings,66.112,0.6,2
Standard Class,Corporate,Central,Chairs,1212.96,0.3,2
First Class,Consumer,Central,Furnishings,34.79,0.0,2
Standard Class,Consumer,East,Tables,700.056,0.3,2
Standard Class,Corporate,West,Chairs,279.456,0.2,2
Standard Class,Corporate,South,Furnishings,310.88,0.2,2
Standard Class,Corporate,West,Chairs,232.88,0.2,2
Second Class,Consumer,East,Furnishings,149.232,0.2,2
Second Class,Corporate,East,Furnishings,139.86,0.0,2
Second Class,Corporate,Central,Furnishings,10.332,0.6,2
Second Class,Consumer,Central,Chairs,107.772,0.3,2
Standard Class,Consumer,Central,Furnishings,29.32,0.6,2
Standard Class,Consumer,Central,Chairs,359.772,0.3,2
Standard Class,Corporate,West,Bookcases,290.666,0.15,2
Standard Class,Consumer,West,Chairs,225.296,0.2,2
Same Day,Corporate,West,Tables,567.12,0.2,2
Standard Class,Consumer,Central,Tables,355.455,0.5,2
Standard Class,Consumer,South,Furnishings,22.2,0.0,2
Second Class,Home Office,Central,Chairs,2001.86,0.0,2
Standard Class,Home Office,West,Furnishings,73.32,0.0,2
Second Class,Consumer,West,Tables,515.88,0.0,2
First Class,Consumer,Central,Furnishings,61.544,0.6,2
Standard Class,Consumer,East,Furnishings,13.96,0.0,2
Standard Class,Consumer,East,Bookcases,353.568,0.2,2
Standard Class,Consumer,East,Furnishings,56.96,0.0,2
Standard Class,Corporate,East,Tables,991.764,0.4,2
Second Class,Consumer,Central,Tables,268.935,0.5,2
Standard Class,Consumer,West,Chairs,585.552,0.2,2
Standard Class,Corporate,South,Chairs,170.352,0.2,2
Second Class,Consumer,South,Tables,1441.3,0.0,2
Standard Class,Consumer,West,Tables,1706.184,0.2,2
Second Class,Corporate,West,Furnishings,37.4,0.0,2
Standard Class,Consumer,West,Furnishings,48.86,0.0,2
Standard Class,Home Office,Central,Bookcases,212.94,0.0,2
Standard Class,Corporate,Central,Chairs,797.944,0.3,2
Standard Class,Corporate,Central,Tables,99.918,0.3,2
Standard Class,Consumer,Central,Chairs,647.84,0.0,2
Standard Class,Consumer,West,Furnishings,6.24,0.0,2
Standard Class,Consumer,Central,Bookcases,193.0656,0.32,2
Second Class,Consumer,South,Furnishings,104.01,0.0,2
Standard Class,Consumer,East,Furnishings,3.984,0.2,2
Standard Class,Consumer,East,Chairs,853.93,0.3,2
Standard Class,Consumer,East,Chairs,170.058,0.3,2
Standard Class,Consumer,West,Furnishings,4.272,0.2,2
First Class,Corporate,West,Tables,447.84,0.2,2
Standard Class,Consumer,South,Tables,85.98,0.0,2
Standard Class,Consumer,East,Chairs,1228.465,0.3,2
First Class,Corporate,South,Furnishings,213.216,0.2,3
First Class,Corporate,South,Furnishings,19.52,0.2,3
Standard Class,Home Office,West,Chairs,478.48,0.2,3
Standard Class,Consumer,East,Chairs,172.186,0.3,3
Standard Class,Consumer,East,Furnishings,69.008,0.2,3
Standard Class,Corporate,West,Tables,502.488,0.2,3
First Class,Consumer,East,Chairs,63.882,0.1,3
Standard Class,Home Office,West,Bookcases,119.833,0.15,3
Standard Class,Corporate,East,Chairs,854.94,0.0,3
Standard Class,Corporate,East,Furnishings,124.11,0.0,3
Standard Class,Home Office,Central,Chairs,512.358,0.3,3
Standard Class,Consumer,West,Chairs,123.136,0.2,3
Standard Class,Corporate,West,Tables,698.352,0.2,3
Standard Class,Corporate,West,Tables,351.216,0.2,3
Standard Class,Consumer,East,Furnishings,31.984,0.2,3
Same Day,Home Office,West,Chairs,259.136,0.2,3
Standard Class,Corporate,East,Tables,70.56,0.3,3
First Class,Consumer,West,Furnishings,43.02,0.0,3
Standard Class,Home Office,Central,Furnishings,16.74,0.6,3
Standard Class,Home Office,Central,Chairs,981.372,0.3,3
Standard Class,Corporate,West,Chairs,801.568,0.2,3
Standard Class,Corporate,Central,Chairs,657.93,0.3,3
Standard Class,Corporate,West,Tables,272.848,0.2,3
Second Class,Consumer,West,Chairs,717.72,0.2,3
Second Class,Consumer,West,Tables,170.352,0.2,3
Second Class,Consumer,West,Furnishings,77.92,0.0,3
Standard Class,Consumer,South,Furnishings,25.71,0.0,3
Standard Class,Consumer,South,Chairs,67.88,0.0,3
Standard Class,Consumer,West,Chairs,674.352,0.2,3
Standard Class,Consumer,West,Furnishings,134.01,0.0,3
Standard Class,Consumer,Central,Furnishings,17.496,0.6,3
Same Day,Consumer,South,Furnishings,129.888,0.2,3
Standard Class,Corporate,West,Bookcases,1367.84,0.0,3
Standard Class,Corporate,South,Furnishings,44.128,0.2,3
First Class,Consumer,West,Tables,218.75,0.5,3
Second Class,Corporate,East,Chairs,1133.35,0.0,3
Standard Class,Consumer,Central,Tables,489.23,0.3,3
Standard Class,Consumer,West,Chairs,340.144,0.2,3
Second Class,Consumer,South,Bookcases,155.456,0.2,3
Standard Class,Home Office,Central,Furnishings,53.88,0.0,3
Standard Class,Consumer,West,Furnishings,327.76,0.0,3
Standard Class,Consumer,West,Furnishings,121.376,0.2,3
Standard Class,Consumer,West,Furnishings,12.35,0.0,3
Standard Class,Consumer,West,Furnishings,85.44,0.0,3
Standard Class,Consumer,West,Chairs,195.136,0.2,3
Standard Class,Consumer,East,Tables,853.092,0.4,3
Standard Class,Consumer,South,Bookcases,638.82,0.0,3
Second Class,Corporate,West,Furnishings,289.24,0.0,3
Standard Class,Corporate,South,Chairs,500.24,0.0,3
Second Class,Consumer,Central,Chairs,421.372,0.3,3
Standard Class,Consumer,West,Furnishings,4.224,0.2,3
First Class,Corporate,East,Furnishings,13.28,0.0,3
Standard Class,Corporate,West,Furnishings,6.28,0.0,3
Standard Class,Consumer,East,Furnishings,10.68,0.0,3
First Class,Corporate,South,Tables,1202.94,0.0,3
First Class,Corporate,South,Furnishings,29.12,0.0,3
Second Class,Consumer,South,Tables,174.0585,0.45,3
First Class,Consumer,East,Furnishings,70.71,0.0,3
First Class,Consumer,South,Furnishings,31.984,0.2,3
First Class,Corporate,West,Furnishings,41.88,0.0,3
First Class,Home Office,Central,Tables,200.795,0.3,3
Standard Class,Corporate,East,Furnishings,42.368,0.2,3
Standard Class,Home Office,Central,Tables,429.9,0.0,3
Standard Class,Home Office,Central,Chairs,161.96,0.0,3
Second Class,Consumer,Central,Furnishings,821.88,0.0,3
Second Class,Consumer,Central,Furnishings,57.69,0.0,3
Standard Class,Consumer,Central,Chairs,966.7,0.3,3
Standard Class,Home Office,East,Chairs,172.764,0.1,3
Standard Class,Consumer,West,Chairs,975.92,0.2,3
Standard Class,Consumer,Central,Chairs,1740.06,0.3,3
Second Class,Corporate,East,Chairs,785.88,0.0,3
Second Class,Consumer,East,Furnishings,17.472,0.2,3
First Class,Home Office,East,Furnishings,60.672,0.2,3
Standard Class,Consumer,West,Chairs,1487.04,0.2,3
First Class,Consumer,East,Furnishings,254.9,0.0,3
Standard Class,Consumer,West,Furnishings,127.95,0.0,3
Second Class,Consumer,East,Chairs,3785.292,0.1,3
Standard Class,Home Office,Central,Furnishings,40.56,0.0,3
Same Day,Consumer,West,Furnishings,14.19,0.0,3
Standard Class,Home Office,Central,Chairs,340.116,0.3,3
Same Day,Consumer,East,Tables,464.292,0.4,3
Standard Class,Consumer,South,Furnishings,142.4,0.0,3
Second Class,Corporate,Central,Furnishings,9.96,0.6,3
Second Class,Consumer,South,Furnishings,13.128,0.2,3
Standard Class,Corporate,East,Furnishings,103.936,0.2,3
Standard Class,Consumer,East,Furnishings,14.56,0.0,3
Standard Class,Consumer,West,Furnishings,35.34,0.0,3
Same Day,Corporate,East,Chairs,887.103,0.1,3
Standard Class,Corporate,West,Tables,73.915,0.5,3
First Class,Consumer,East,Chairs,631.782,0.1,3
First Class,Consumer,East,Bookcases,801.568,0.2,3
Standard Class,Consumer,Central,Tables,617.7,0.5,3
Standard Class,Consumer,East,Furnishings,164.22,0.0,3
Standard Class,Consumer,East,Bookcases,362.94,0.0,3
First Class,Consumer,Central,Bookcases,493.43,0.3,3
First Class,Home Office,Central,Furnishings,8.544,0.6,3
Standard Class,Consumer,East,Furnishings,97.44,0.0,3
Standard Class,Consumer,East,Chairs,579.528,0.1,3
Standard Class,Corporate,West,Bookcases,435.999,0.15,3
Standard Class,Home Office,Central,Bookcases,300.5328,0.32,3
First Class,Home Office,West,Chairs,585.552,0.2,3
Second Class,Consumer,West,Chairs,145.568,0.2,3
Standard Class,Corporate,East,Furnishings,21.184,0.2,3
Standard Class,Corporate,East,Furnishings,87.54,0.0,3
Standard Class,Consumer,West,Chairs,603.92,0.2,3
Standard Class,Consumer,South,Furnishings,337.088,0.2,3
Second Class,Consumer,East,Furnishings,117.36,0.0,3
Standard Class,Corporate,East,Tables,409.272,0.4,3
Standard Class,Corporate,East,Tables,67.176,0.4,3
Second Class,Home Office,West,Tables,2348.82,0.0,3
Second Class,Home Office,West,Furnishings,6.16,0.0,3
Standard Class,Consumer,West,Furnishings,204.6,0.0,3
Standard Class,Corporate,East,Furnishings,15.24,0.0,3
Second Class,Corporate,West,Tables,143.432,0.2,4
Second Class,Consumer,Central,Chairs,258.279,0.3,4
Second Class,Corporate,West,Chairs,122.352,0.2,4
Standard Class,Consumer,Central,Furnishings,31.776,0.6,4
First Class,Consumer,East,Chairs,589.41,0.1,4
Standard Class,Home Office,East,Furnishings,129.92,0.2,4
Same Day,Home Office,West,Chairs,122.352,0.2,4
Standard Class,Home Office,West,Furnishings,46.872,0.2,4
First Class,Consumer,West,Chairs,433.568,0.2,4
Standard Class,Corporate,South,Furnishings,8.92,0.0,4
Standard Class,Home Office,West,Furnishings,63.47,0.0,4
First Class,Consumer,West,Tables,1298.55,0.0,4
Second Class,Corporate,East,Chairs,245.98,0.0,4
First Class,Consumer,East,Chairs,1628.82,0.0,4
Standard Class,Consumer,South,Furnishings,15.384,0.2,4
First Class,Consumer,East,Chairs,183.372,0.3,4
Second Class,Consumer,Central,Furnishings,5.312,0.6,4
Second Class,Corporate,South,Chairs,545.88,0.0,4
Standard Class,Corporate,South,Chairs,605.34,0.0,4
First Class,Corporate,South,Tables,328.59,0.4,4
First Class,Consumer,East,Tables,409.59,0.4,4
Standard Class,Corporate,South,Tables,591.32,0.0,4
Standard Class,Home Office,East,Furnishings,93.888,0.2,4
Standard Class,Corporate,South,Furnishings,129.92,0.0,4
Second Class,Consumer,West,Furnishings,63.92,0.0,4
First Class,Corporate,West,Bookcases,616.998,0.15,4
Standard Class,Corporate,West,Chairs,146.352,0.2,4
Second Class,Consumer,East,Furnishings,14.76,0.0,4
Second Class,Consumer,East,Furnishings,17.67,0.0,4
Second Class,Consumer,East,Chairs,1604.9,0.0,4
Second Class,Consumer,East,Tables,385.686,0.3,4
Second Class,Corporate,East,Tables,1421.664,0.4,4
Standard Class,Consumer,East,Furnishings,31.68,0.0,4
First Class,Corporate,East,Furnishings,68.704,0.2,4
Standard Class,Consumer,East,Furnishings,89.34,0.0,4
Standard Class,Consumer,South,Furnishings,410.352,0.2,4
Standard Class,Consumer,South,Tables,945.036,0.4,4
Standard Class,Home Office,East,Chairs,135.882,0.1,4
Standard Class,Consumer,West,Furnishings,35.34,0.0,4
Standard Class,Consumer,West,Tables,573.728,0.2,4
Standard Class,Consumer,East,Furnishings,273.568,0.2,4
Same Day,Consumer,South,Chairs,149.9,0.0,4
Standard Class,Home Office,West,Furnishings,20.04,0.0,4
Standard Class,Consumer,Central,Chairs,683.144,0.3,4
Standard Class,Home Office,East,Furnishings,56.52,0.0,4
Second Class,Consumer,West,Bookcases,222.666,0.15,4
Standard Class,Consumer,West,Furnishings,39.88,0.0,4
Standard Class,Consumer,Central,Chairs,563.94,0.0,4
Standard Class,Consumer,West,Furnishings,53.2,0.0,4
Standard Class,Consumer,West,Chairs,112.648,0.2,4
Second Class,Corporate,East,Bookcases,521.96,0.5,4
Second Class,Consumer,West,Chairs,603.92,0.2,4
Second Class,Corporate,East,Furnishings,23.968,0.2,4
Standard Class,Consumer,Central,Chairs,797.944,0.3,4
Standard Class,Consumer,Central,Furnishings,10.984,0.6,4
Standard Class,Consumer,West,Tables,629.064,0.2,4
Standard Class,Consumer,Central,Furnishings,25.128,0.6,4
Standard Class,Corporate,Central,Bookcases,67.9932,0.32,4
Standard Class,Home Office,East,Chairs,69.264,0.1,4
First Class,Consumer,West,Furnishings,10.11,0.0,4
Standard Class,Consumer,Central,Chairs,37.296,0.3,4
First Class,Corporate,West,Bookcases,305.9745,0.15,4
Standard Class,Consumer,East,Bookcases,4007.84,0.2,4
Standard Class,Consumer,East,Chairs,657.93,0.3,4
Standard Class,Corporate,East,Furnishings,124.41,0.0,4
Standard Class,Home Office,Central,Chairs,479.9,0.0,4
Standard Class,Corporate,West,Furnishings,137.54,0.0,4
Standard Class,Consumer,East,Furnishings,60.312,0.2,4
Standard Class,Corporate,West,Tables,730.2,0.0,4
Standard Class,Corporate,Central,Chairs,392.94,0.0,4
Second Class,Consumer,West,Tables,145.98,0.5,4
First Class,Consumer,Central,Bookcases,424.116,0.3,4
First Class,Consumer,Central,Furnishings,8.544,0.6,4
First Class,Consumer,Central,Tables,292.1,0.5,4
Standard Class,Corporate,East,Bookcases,1025.88,0.0,4
Standard Class,Corporate,Central,Furnishings,6.368,0.6,4
First Class,Consumer,West,Chairs,603.92,0.2,4
Second Class,Corporate,Central,Chairs,155.372,0.3,4
First Class,Consumer,West,Chairs,381.44,0.2,4
Standard Class,Consumer,East,Furnishings,35.168,0.2,4
Second Class,Consumer,West,Chairs,120.712,0.2,4
Same Day,Corporate,East,Chairs,611.058,0.3,4
Standard Class,Home Office,South,Furnishings,111.15,0.0,4
First Class,Consumer,West,Furnishings,151.72,0.0,4
Second Class,Home Office,East,Bookcases,275.952,0.2,4
Second Class,Corporate,West,Furnishings,23.88,0.0,4
Standard Class,Corporate,Central,Furnishings,6.096,0.6,4
Standard Class,Corporate,Central,Tables,1218.735,0.3,4
Second Class,Consumer,East,Furnishings,52.96,0.0,4
Standard Class,Consumer,West,Chairs,725.344,0.2,4
Second Class,Consumer,Central,Furnishings,19.3,0.6,4
Standard Class,Corporate,East,Furnishings,199.9,0.0,4
Second Class,Corporate,South,Furnishings,397.6,0.0,4
Same Day,Home Office,West,Bookcases,411.332,0.15,4
Second Class,Corporate,Central,Chairs,674.058,0.3,4
Second Class,Consumer,East,Chairs,909.72,0.3,4
First Class,Consumer,East,Furnishings,45.84,0.0,4
Second Class,Consumer,East,Furnishings,8.128,0.2,4
First Class,Consumer,Central,Chairs,2807.84,0.0,4
First Class,Consumer,East,Furnishings,9.82,0.0,4
Standard Class,Consumer,West,Furnishings,58.2,0.0,4
Standard Class,Corporate,East,Furnishings,60.72,0.0,4
Standard Class,Corporate,East,Chairs,239.84,0.0,4
Standard Class,Corporate,Central,Furnishings,58.36,0.6,4
Standard Class,Corporate,Central,Furnishings,39.96,0.6,4
First Class,Consumer,East,Bookcases,883.92,0.2,4
Second Class,Consumer,West,Tables,275.49,0.5,4
Second Class,Consumer,Central,Furnishings,23.976,0.6,4
Standard Class,Consumer,Central,Furnishings,10.776,0.6,4
Standard Class,Consumer,Central,Tables,214.95,0.5,4
Standard Class,Corporate,West,Furnishings,39.88,0.0,4
Second Class,Consumer,West,Chairs,603.92,0.2,4
Standard Class,Corporate,West,Furnishings,79.44,0.0,4
Standard Class,Corporate,West,Chairs,338.352,0.2,4
Standard Class,Consumer,West,Furnishings,43.31,0.0,4
Second Class,Consumer,West,Furnishings,9.24,0.0,4
Second Class,Consumer,West,Tables,3610.848,0.2,4
Second Class,Consumer,West,Tables,764.688,0.2,4
Second Class,Consumer,West,Furnishings,12.54,0.0,4
Second Class,Consumer,West,Bookcases,254.9745,0.15,4
Standard Class,Corporate,West,Furnishings,87.96,0.2,4
Standard Class,Corporate,Central,Furnishings,94.428,0.6,4
Standard Class,Consumer,East,Tables,136.53,0.4,4
Standard Class,Consumer,South,Chairs,186.304,0.2,4
Second Class,Corporate,East,Chairs,445.802,0.3,4
Second Class,Consumer,West,Furnishings,6.16,0.0,4
Standard Class,Corporate,Central,Furnishings,8.544,0.6,4
First Class,Consumer,Central,Chairs,763.28,0.3,4
Standard Class,Corporate,West,Chairs,1403.92,0.2,4
Second Class,Consumer,South,Furnishings,29.46,0.0,4
First Class,Home Office,West,Chairs,241.568,0.2,4
First Class,Home Office,West,Furnishings,44.46,0.0,4
Second Class,Corporate,South,Chairs,1013.832,0.2,4
Standard Class,Consumer,Central,Furnishings,56.568,0.6,4
Second Class,Consumer,Central,Furnishings,8.624,0.6,4
Second Class,Consumer,South,Chairs,1819.86,0.0,4
Standard Class,Consumer,South,Chairs,662.88,0.2,4
Second Class,Corporate,East,Chairs,192.186,0.1,4
First Class,Home Office,South,Tables,2244.48,0.0,4
First Class,Home Office,South,Tables,455.1,0.0,4
First Class,Consumer,West,Furnishings,51.968,0.2,4
First Class,Consumer,West,Chairs,242.352,0.2,4
Standard Class,Consumer,East,Furnishings,190.848,0.2,4
Standard Class,Consumer,West,Chairs,572.16,0.2,4
Standard Class,Consumer,West,Chairs,1325.76,0.2,4
Second Class,Consumer,South,Chairs,64.784,0.2,4
Standard Class,Corporate,East,Tables,53.316,0.4,4
Standard Class,Home Office,West,Furnishings,23.99,0.0,4
First Class,Consumer,East,Furnishings,30.36,0.2,4
Standard Class,Corporate,West,Chairs,292.272,0.2,4
Standard Class,Consumer,West,Furnishings,3.48,0.0,4
First Class,Corporate,West,Furnishings,300.416,0.2,4
First Class,Corporate,West,Chairs,230.352,0.2,4
First Class,Corporate,West,Furnishings,218.352,0.2,4
Second Class,Home Office,Central,Chairs,600.558,0.3,4
Second Class,Consumer,East,Furnishings,182.352,0.2,4
Standard Class,Consumer,West,Chairs,230.28,0.2,4
Standard Class,Consumer,Central,Furnishings,32.952,0.6,4
Standard Class,Home Office,East,Chairs,767.214,0.1,4
Standard Class,Home Office,Central,Furnishings,8.736,0.6,4
Standard Class,Corporate,West,Furnishings,70.56,0.0,4
Standard Class,Consumer,Central,Furnishings,38.976,0.6,4
Standard Class,Corporate,West,Furnishings,24.9,0.0,4
Second Class,Corporate,East,Tables,523.764,0.4,4
First Class,Home Office,East,Furnishings,63.2,0.0,4
Standard Class,Home Office,East,Chairs,605.88,0.0,4
Second Class,Corporate,East,Bookcases,1573.488,0.2,4
Standard Class,Home Office,East,Bookcases,341.96,0.0,4
Standard Class,Corporate,East,Bookcases,452.45,0.5,1
Second Class,Consumer,Central,Bookcases,1352.3976,0.32,1
Standard Class,Corporate,South,Furnishings,192.22,0.0,1
Standard Class,Home Office,West,Chairs,61.584,0.2,1
Standard Class,Consumer,East,Tables,1018.104,0.4,1
Standard Class,Consumer,West,Furnishings,77.6,0.0,1
Standard Class,Consumer,West,Furnishings,464.85,0.0,1
Standard Class,Home Office,Central,Furnishings,254.744,0.6,1
Standard Class,Consumer,Central,Chairs,199.304,0.3,1
Standard Class,Consumer,Central,Tables,102.438,0.3,1
First Class,Consumer,West,Chairs,2803.92,0.2,1
Second Class,Consumer,East,Chairs,181.986,0.3,1
Second Class,Consumer,South,Tables,4297.644,0.4,1
Standard Class,Consumer,West,Furnishings,227.36,0.0,1
Second Class,Consumer,Central,Furnishings,53.34,0.0,1
First Class,Corporate,West,Furnishings,136.92,0.0,1
Standard Class,Corporate,East,Chairs,90.882,0.1,1
First Class,Consumer,Central,Furnishings,28.4,0.0,1
Standard Class,Consumer,East,Chairs,1268.82,0.0,1
Standard Class,Consumer,East,Bookcases,283.92,0.0,1
Second Class,Corporate,Central,Furnishings,40.784,0.6,1
Standard Class,Consumer,West,Chairs,203.92,0.2,1
Standard Class,Consumer,West,Tables,35.544,0.2,1
Standard Class,Corporate,East,Tables,493.92,0.3,1
Standard Class,Consumer,South,Chairs,161.568,0.2,1
Standard Class,Consumer,South,Chairs,389.696,0.2,1
First Class,Corporate,Central,Bookcases,1227.9984,0.32,1
Second Class,Corporate,West,Chairs,184.752,0.2,1
Standard Class,Consumer,West,Tables,787.53,0.0,1
Second Class,Corporate,East,Chairs,99.372,0.3,1
Same Day,Consumer,East,Chairs,383.607,0.1,1
Second Class,Consumer,Central,Furnishings,4.712,0.6,1
Second Class,Corporate,East,Furnishings,33.568,0.2,1
Standard Class,Consumer,West,Furnishings,435.26,0.0,1
Standard Class,Consumer,Central,Chairs,860.93,0.0,1
Standard Class,Consumer,Central,Bookcases,512.94,0.0,1
Standard Class,Consumer,Central,Furnishings,373.08,0.0,1
Standard Class,Corporate,South,Furnishings,30.88,0.2,1
Standard Class,Corporate,South,Furnishings,6.408,0.2,1
First Class,Consumer,West,Bookcases,141.96,0.0,1
Second Class,Home Office,West,Chairs,915.136,0.2,1
Second Class,Home Office,West,Furnishings,327.76,0.0,1
Standard Class,Corporate,West,Furnishings,43.13,0.0,1
Second Class,Consumer,West,Tables,171.96,0.0,1
First Class,Home Office,Central,Bookcases,383.4656,0.32,1
Standard Class,Corporate,West,Furnishings,91.96,0.0,1
Standard Class,Consumer,Central,Chairs,107.772,0.3,1
Second Class,Corporate,West,Furnishings,46.9,0.0,1
First Class,Home Office,Central,Bookcases,359.058,0.3,1
Standard Class,Corporate,West,Tables,3393.68,0.0,1
Second Class,Consumer,West,Furnishings,19.92,0.0,1
Second Class,Home Office,South,Chairs,1166.92,0.2,1
Standard Class,Home Office,Central,Chairs,366.744,0.3,1
Standard Class,Corporate,Central,Furnishings,22.38,0.6,1
Standard Class,Home Office,East,Furnishings,108.4,0.0,2
Standard Class,Home Office,East,Bookcases,352.45,0.5,2
Standard Class,Home Office,East,Furnishings,7.584,0.2,2
Standard Class,Home Office,East,Furnishings,547.136,0.2,2
Standard Class,Corporate,West,Chairs,892.224,0.2,2
Standard Class,Consumer,West,Tables,369.912,0.2,2
Standard Class,Consumer,South,Furnishings,54.528,0.2,2
Standard Class,Consumer,South,Furnishings,67.36,0.2,2
Second Class,Consumer,West,Tables,241.568,0.2,2
Standard Class,Corporate,West,Furnishings,37.68,0.0,2
Standard Class,Consumer,West,Tables,710.832,0.2,2
Standard Class,Consumer,Central,Tables,211.372,0.3,2
Standard Class,Consumer,Central,Tables,609.98,0.3,2
First Class,Consumer,South,Furnishings,1196.86,0.0,2
Standard Class,Corporate,East,Chairs,127.764,0.1,2
First Class,Consumer,South,Bookcases,523.26,0.0,2
Standard Class,Consumer,Central,Chairs,89.99,0.0,2
Standard Class,Consumer,Central,Furnishings,6.16,0.0,2
Second Class,Corporate,Central,Chairs,56.686,0.3,2
Standard Class,Corporate,South,Furnishings,595.38,0.0,2
Standard Class,Consumer,South,Chairs,191.96,0.0,2
Standard Class,Consumer,South,Furnishings,209.88,0.0,2
Standard Class,Consumer,Central,Chairs,128.058,0.3,2
Standard Class,Consumer,South,Chairs,831.936,0.2,2
Standard Class,Consumer,South,Tables,191.5155,0.45,2
Standard Class,Consumer,Central,Chairs,408.422,0.3,2
Standard Class,Corporate,West,Chairs,63.936,0.2,2
Standard Class,Consumer,South,Furnishings,97.04,0.2,2
Standard Class,Consumer,East,Chairs,1267.53,0.0,2
Standard Class,Home Office,Central,Chairs,213.115,0.3,2
Standard Class,Corporate,East,Furnishings,31.4,0.0,2
Standard Class,Corporate,East,Furnishings,24.3,0.0,2
Standard Class,Corporate,East,Furnishings,9.48,0.0,2
Standard Class,Corporate,South,Furnishings,63.552,0.2,2
Standard Class,Home Office,West,Furnishings,665.88,0.0,2
Standard Class,Consumer,East,Chairs,844.116,0.3,2
Second Class,Corporate,East,Furnishings,26.8,0.0,2
First Class,Corporate,Central,Furnishings,22.288,0.6,2
Standard Class,Consumer,Central,Tables,244.006,0.3,2
Standard Class,Consumer,East,Chairs,127.764,0.1,2
Standard Class,Consumer,East,Furnishings,79.44,0.0,2
Standard Class,Consumer,Central,Furnishings,123.96,0.0,2
Standard Class,Corporate,East,Furnishings,8.352,0.2,2
Second Class,Home Office,West,Chairs,191.968,0.2,2
Standard Class,Consumer,Central,Furnishings,21.968,0.6,2
Standard Class,Corporate,West,Furnishings,122.91,0.0,2
Standard Class,Corporate,West,Bookcases,509.9575,0.15,2
Standard Class,Corporate,West,Chairs,722.352,0.2,2
Standard Class,Corporate,West,Chairs,97.568,0.2,2
Standard Class,Consumer,South,Furnishings,163.136,0.2,2
Second Class,Home Office,Central,Furnishings,75.33,0.0,2
Second Class,Consumer,Central,Chairs,602.651,0.3,2
Second Class,Home Office,West,Furnishings,14.73,0.0,2
Second Class,Consumer,Central,Chairs,105.686,0.3,2
Second Class,Consumer,Central,Chairs,104.93,0.3,2
Standard Class,Consumer,West,Furnishings,20.24,0.0,2
First Class,Corporate,East,Chairs,317.058,0.3,2
First Class,Corporate,East,Furnishings,41.568,0.2,2
Standard Class,Home Office,East,Furnishings,22.2,0.0,2
Second Class,Corporate,East,Furnishings,8.28,0.0,2
Standard Class,Consumer,West,Bookcases,1406.86,0.0,2
Second Class,Corporate,Central,Furnishings,51.56,0.6,2
Standard Class,Consumer,Central,Chairs,2567.84,0.0,2
Second Class,Home Office,East,Furnishings,35.28,0.0,2
Standard Class,Corporate,East,Chairs,1522.638,0.1,2
Standard Class,Corporate,South,Furnishings,173.208,0.2,2
Second Class,Consumer,West,Furnishings,355.36,0.0,2
Standard Class,Consumer,South,Furnishings,29.16,0.0,2
First Class,Corporate,South,Chairs,1123.92,0.2,2
First Class,Corporate,South,Furnishings,48.672,0.2,2
Standard Class,Consumer,East,Furnishings,43.296,0.2,2
Standard Class,Home Office,East,Furnishings,51.072,0.2,2
Standard Class,Consumer,West,Furnishings,364.704,0.2,2
Standard Class,Consumer,West,Furnishings,40.256,0.2,2
Standard Class,Consumer,Central,Chairs,197.372,0.3,2
Standard Class,Consumer,South,Furnishings,60.84,0.0,2
First Class,Corporate,South,Chairs,643.136,0.2,2
Standard Class,Home Office,West,Furnishings,75.36,0.2,2
Standard Class,Consumer,West,Furnishings,12.56,0.0,2
Second Class,Corporate,West,Furnishings,257.64,0.0,2
First Class,Home Office,Central,Tables,796.425,0.5,2
Standard Class,Corporate,South,Furnishings,27.42,0.0,2
First Class,Consumer,Central,Furnishings,75.384,0.6,2
Standard Class,Consumer,West,Furnishings,204.85,0.0,2
Standard Class,Consumer,South,Chairs,332.94,0.0,2
Second Class,Corporate,East,Bookcases,482.94,0.5,2
Standard Class,Corporate,West,Furnishings,621.76,0.2,2
First Class,Consumer,East,Chairs,117.882,0.1,2
Standard Class,Consumer,East,Furnishings,20.104,0.2,2
Standard Class,Consumer,Central,Chairs,408.422,0.3,3
Standard Class,Consumer,Central,Chairs,382.116,0.3,3
First Class,Corporate,South,Furnishings,159.84,0.2,3
Standard Class,Consumer,South,Chairs,70.98,0.0,3
First Class,Corporate,East,Furnishings,282.888,0.2,3
First Class,Corporate,East,Furnishings,168.464,0.2,3
Second Class,Corporate,South,Furnishings,4.928,0.2,3
Standard Class,Corporate,South,Furnishings,4.928,0.2,3
Standard Class,Corporate,East,Furnishings,155.82,0.0,3
Standard Class,Consumer,West,Chairs,170.352,0.2,3
Standard Class,Home Office,East,Bookcases,301.96,0.0,3
Standard Class,Corporate,East,Furnishings,13.96,0.0,3
Standard Class,Consumer,East,Furnishings,181.96,0.0,3
First Class,Consumer,East,Chairs,341.488,0.3,3
First Class,Consumer,East,Furnishings,289.8,0.2,3
First Class,Consumer,East,Furnishings,25.344,0.2,3
First Class,Corporate,East,Tables,199.836,0.3,3
Second Class,Consumer,Central,Furnishings,7.76,0.6,3
Second Class,Consumer,Central,Chairs,383.607,0.3,3
Second Class,Consumer,East,Chairs,1931.04,0.1,3
Second Class,Consumer,West,Bookcases,127.764,0.7,3
Second Class,Consumer,West,Chairs,441.92,0.2,3
Standard Class,Home Office,East,Chairs,150.98,0.0,3
Same Day,Corporate,West,Chairs,1348.704,0.2,3
Same Day,Corporate,West,Chairs,700.152,0.2,3
Second Class,Consumer,West,Bookcases,195.466,0.15,3
Second Class,Corporate,South,Bookcases,231.92,0.2,3
Second Class,Consumer,East,Furnishings,7.38,0.0,3
Standard Class,Consumer,Central,Bookcases,384.944,0.3,3
Standard Class,Consumer,Central,Bookcases,913.43,0.3,3
Standard Class,Home Office,East,Furnishings,128.82,0.0,3
Standard Class,Home Office,South,Furnishings,20.94,0.0,3
Standard Class,Corporate,South,Tables,358.58,0.0,3
Second Class,Consumer,West,Bookcases,704.9,0.0,3
Second Class,Consumer,West,Chairs,561.568,0.2,3
First Class,Consumer,West,Tables,393.165,0.5,3
Standard Class,Corporate,West,Chairs,266.352,0.2,3
First Class,Home Office,Central,Chairs,155.88,0.0,3
First Class,Consumer,West,Furnishings,5.28,0.0,3
Same Day,Consumer,East,Tables,1090.782,0.4,3
Standard Class,Home Office,West,Tables,1004.976,0.2,3
Second Class,Home Office,East,Chairs,110.98,0.0,3
Standard Class,Consumer,West,Tables,277.5,0.5,3
Standard Class,Corporate,Central,Furnishings,14.76,0.6,3
Standard Class,Corporate,Central,Bookcases,369.1992,0.32,3
First Class,Consumer,Central,Furnishings,212.94,0.0,3
Same Day,Consumer,West,Chairs,144.784,0.2,3
Second Class,Home Office,Central,Bookcases,687.4,0.0,3
First Class,Consumer,East,Furnishings,6.16,0.0,3
First Class,Consumer,East,Furnishings,47.04,0.0,3
First Class,Consumer,East,Tables,382.806,0.4,3
Standard Class,Corporate,East,Furnishings,10.02,0.0,3
Standard Class,Corporate,Central,Tables,622.45,0.0,3
Standard Class,Consumer,South,Furnishings,46.152,0.2,3
Same Day,Consumer,West,Furnishings,31.56,0.0,3
Standard Class,Consumer,West,Furnishings,104.23,0.0,3
Standard Class,Consumer,East,Bookcases,301.47,0.5,3
Standard Class,Corporate,East,Furnishings,254.352,0.2,3
Standard Class,Corporate,East,Chairs,598.458,0.3,3
Standard Class,Corporate,East,Furnishings,25.984,0.2,3
First Class,Home Office,West,Chairs,544.008,0.2,3
Standard Class,Corporate,West,Bookcases,586.398,0.15,3
Standard Class,Consumer,Central,Tables,918.785,0.3,3
Second Class,Consumer,East,Furnishings,14.91,0.0,3
Standard Class,Corporate,East,Tables,284.364,0.4,3
Standard Class,Home Office,West,Chairs,40.784,0.2,3
Same Day,Consumer,Central,Furnishings,20.104,0.6,3
Same Day,Consumer,Central,Furnishings,7.88,0.6,3
Standard Class,Corporate,Central,Tables,103.481,0.3,3
Standard Class,Consumer,West,Furnishings,4.16,0.0,3
Standard Class,Consumer,West,Bookcases,307.666,0.15,3
First Class,Corporate,West,Bookcases,1552.831,0.15,3
Standard Class,Home Office,East,Furnishings,124.36,0.0,3
Standard Class,Home Office,East,Chairs,60.74,0.0,3
Standard Class,Corporate,West,Furnishings,238.152,0.2,3
Standard Class,Home Office,West,Chairs,129.568,0.2,3
Standard Class,Consumer,West,Bookcases,411.332,0.15,3
Standard Class,Consumer,West,Bookcases,293.199,0.15,3
Standard Class,Corporate,Central,Furnishings,6.16,0.0,3
Standard Class,Home Office,South,Furnishings,67.96,0.0,3
Standard Class,Home Office,West,Furnishings,191.82,0.0,3
Second Class,Consumer,South,Tables,85.98,0.0,3
Standard Class,Home Office,East,Chairs,271.764,0.1,3
Standard Class,Corporate,East,Tables,481.176,0.4,3
Standard Class,Consumer,Central,Chairs,47.516,0.3,3
Same Day,Consumer,East,Tables,27.414,0.4,3
Standard Class,Corporate,South,Furnishings,21.36,0.0,3
Standard Class,Corporate,West,Furnishings,106.68,0.0,3
Standard Class,Corporate,East,Bookcases,361.96,0.0,3
Standard Class,Corporate,Central,Chairs,179.886,0.3,3
Standard Class,Home Office,East,Furnishings,8.92,0.0,3
Second Class,Corporate,East,Furnishings,210.68,0.0,3
First Class,Corporate,West,Furnishings,24.64,0.2,3
Standard Class,Consumer,South,Furnishings,129.93,0.0,3
First Class,Corporate,West,Chairs,717.72,0.2,3
First Class,Corporate,West,Furnishings,44.67,0.0,3
First Class,Corporate,West,Furnishings,207.35,0.0,3
Standard Class,Consumer,Central,Chairs,1516.2,0.0,3
First Class,Corporate,West,Furnishings,131.88,0.0,3
Second Class,Consumer,Central,Chairs,170.072,0.3,3
Standard Class,Consumer,West,Tables,912.75,0.0,3
Standard Class,Corporate,West,Tables,170.136,0.2,3
Standard Class,Consumer,South,Chairs,1056.86,0.0,3
Standard Class,Consumer,South,Tables,801.96,0.0,3
Same Day,Corporate,South,Furnishings,55.968,0.2,3
Same Day,Corporate,South,Furnishings,15.712,0.2,3
Second Class,Corporate,East,Bookcases,46.384,0.2,3
Standard Class,Consumer,East,Chairs,199.764,0.1,3
Standard Class,Home Office,East,Tables,344.22,0.4,3
Standard Class,Consumer,East,Bookcases,3083.43,0.5,3
Standard Class,Consumer,East,Furnishings,124.2,0.2,3
Standard Class,Corporate,Central,Furnishings,21.936,0.6,3
Standard Class,Consumer,East,Bookcases,4228.704,0.2,3
Standard Class,Consumer,East,Bookcases,2003.92,0.2,3
Standard Class,Corporate,West,Furnishings,24.4,0.0,3
Second Class,Home Office,South,Bookcases,61.96,0.0,3
Standard Class,Home Office,West,Furnishings,60.84,0.0,3
Standard Class,Home Office,East,Chairs,542.94,0.0,3
First Class,Home Office,West,Chairs,601.536,0.2,3
Same Day,Home Office,East,Furnishings,85.3,0.0,3
First Class,Corporate,Central,Furnishings,4.928,0.6,3
Standard Class,Corporate,Central,Bookcases,194.32,0.0,3
Standard Class,Consumer,South,Chairs,1690.04,0.0,3
Second Class,Home Office,South,Furnishings,47.98,0.0,3
Same Day,Consumer,West,Furnishings,204.6,0.0,3
Standard Class,Consumer,South,Chairs,517.5,0.0,3
Standard Class,Home Office,Central,Chairs,1408.1,0.0,3
Standard Class,Corporate,West,Furnishings,14.91,0.0,3
Standard Class,Consumer,West,Tables,1044.63,0.0,3
Standard Class,Corporate,West,Chairs,307.136,0.2,3
Same Day,Consumer,East,Chairs,102.582,0.1,3
First Class,Consumer,Central,Furnishings,24.288,0.6,3
First Class,Consumer,West,Furnishings,11.032,0.2,4
Second Class,Consumer,East,Bookcases,35.49,0.5,4
Standard Class,Consumer,West,Bookcases,120.666,0.15,4
Second Class,Corporate,South,Chairs,392.94,0.0,4
Standard Class,Home Office,East,Furnishings,64.944,0.2,4
Standard Class,Consumer,West,Bookcases,66.294,0.7,4
Standard Class,Consumer,West,Chairs,291.168,0.2,4
Standard Class,Corporate,Central,Furnishings,72.78,0.6,4
Standard Class,Consumer,West,Furnishings,145.9,0.0,4
Standard Class,Consumer,Central,Chairs,389.97,0.0,4
First Class,Corporate,West,Chairs,362.136,0.2,4
Standard Class,Consumer,South,Tables,957.5775,0.45,4
First Class,Home Office,East,Bookcases,626.352,0.2,4
First Class,Home Office,East,Bookcases,899.136,0.2,4
Second Class,Consumer,East,Tables,209.67,0.4,4
Standard Class,Consumer,South,Chairs,287.94,0.0,4
Same Day,Consumer,Central,Chairs,2453.43,0.3,4
Same Day,Consumer,Central,Furnishings,17.14,0.0,4
Same Day,Consumer,Central,Furnishings,131.376,0.6,4
Standard Class,Consumer,West,Furnishings,10.11,0.0,4
Standard Class,Corporate,West,Furnishings,16.02,0.0,4
Standard Class,Consumer,West,Furnishings,74.76,0.0,4
Standard Class,Consumer,West,Tables,364.776,0.2,4
Second Class,Consumer,West,Chairs,240.784,0.2,4
Second Class,Consumer,West,Chairs,191.968,0.2,4
Second Class,Consumer,West,Chairs,842.352,0.2,4
First Class,Home Office,West,Chairs,454.272,0.2,4
Standard Class,Corporate,Central,Tables,347.361,0.3,4
Standard Class,Corporate,East,Chairs,291.1,0.0,4
Same Day,Corporate,West,Chairs,582.336,0.2,4
Standard Class,Consumer,West,Tables,253.176,0.2,4
Standard Class,Consumer,South,Furnishings,33.11,0.0,4
Standard Class,Consumer,South,Furnishings,24.1,0.0,4
Second Class,Corporate,West,Furnishings,15.488,0.2,4
Same Day,Consumer,West,Chairs,323.136,0.2,4
Same Day,Consumer,West,Bookcases,425.833,0.15,4
Standard Class,Consumer,East,Chairs,205.164,0.1,4
Second Class,Consumer,East,Chairs,327.564,0.1,4
Standard Class,Consumer,East,Furnishings,259.7,0.0,4
Standard Class,Consumer,South,Tables,301.96,0.0,4
Standard Class,Consumer,East,Chairs,109.764,0.1,4
Standard Class,Consumer,West,Bookcases,512.499,0.15,4
Standard Class,Consumer,West,Furnishings,96.96,0.0,4
First Class,Home Office,East,Chairs,2621.322,0.1,4
Standard Class,Consumer,West,Tables,1038.84,0.2,4
First Class,Corporate,East,Chairs,1448.82,0.1,4
Standard Class,Home Office,West,Furnishings,42.6,0.0,4
Standard Class,Corporate,South,Chairs,207.0,0.2,4
Second Class,Consumer,East,Chairs,715.2,0.0,4
Second Class,Corporate,West,Chairs,190.72,0.2,4
Standard Class,Consumer,Central,Furnishings,64.96,0.6,4
Standard Class,Corporate,East,Bookcases,4404.9,0.0,4
Same Day,Corporate,East,Chairs,577.764,0.1,4
Second Class,Consumer,South,Furnishings,186.54,0.0,4
Standard Class,Consumer,West,Furnishings,66.69,0.0,4
Same Day,Corporate,East,Furnishings,11.82,0.0,4
Standard Class,Corporate,South,Furnishings,4.712,0.2,4
Standard Class,Consumer,Central,Tables,1024.38,0.0,4
Standard Class,Home Office,Central,Furnishings,29.22,0.0,4
Standard Class,Corporate,South,Chairs,146.136,0.2,4
Standard Class,Corporate,South,Chairs,523.92,0.2,4
Standard Class,Consumer,East,Bookcases,299.97,0.0,4
Standard Class,Consumer,West,Furnishings,102.36,0.2,4
Same Day,Consumer,Central,Furnishings,17.496,0.6,4
Standard Class,Home Office,West,Furnishings,63.98,0.0,4
Standard Class,Consumer,Central,Bookcases,613.9992,0.32,4
Standard Class,Consumer,West,Bookcases,683.332,0.15,4
Standard Class,Consumer,West,Chairs,883.84,0.2,4
Standard Class,Consumer,East,Furnishings,76.14,0.0,4
Standard Class,Consumer,West,Chairs,230.352,0.2,4
Standard Class,Home Office,South,Furnishings,39.96,0.0,4
Standard Class,Corporate,West,Tables,696.42,0.0,4
Second Class,Home Office,Central,Tables,653.55,0.0,4
Second Class,Home Office,Central,Furnishings,185.58,0.0,4
Second Class,Home Office,Central,Tables,214.11,0.0,4
Standard Class,Corporate,Central,Furnishings,34.504,0.6,4
Standard Class,Consumer,Central,Chairs,1323.9,0.0,4
Standard Class,Consumer,West,Furnishings,36.6,0.0,4
Standard Class,Consumer,West,Chairs,225.568,0.2,4
Standard Class,Consumer,West,Furnishings,80.96,0.0,4
Second Class,Home Office,West,Furnishings,141.96,0.0,4
Standard Class,Corporate,East,Bookcases,186.048,0.2,4
Standard Class,Consumer,South,Bookcases,290.352,0.2,4
Standard Class,Consumer,West,Furnishings,32.04,0.0,4
Standard Class,Home Office,West,Furnishings,22.14,0.0,4
Standard Class,Home Office,East,Chairs,344.372,0.3,4
Standard Class,Consumer,West,Chairs,572.16,0.2,4
Second Class,Consumer,West,Bookcases,145.764,0.7,4
Standard Class,Consumer,East,Furnishings,63.824,0.2,4
Second Class,Corporate,Central,Bookcases,246.1328,0.32,4
Standard Class,Consumer,West,Bookcases,141.96,0.0,4
First Class,Consumer,South,Furnishings,18.176,0.2,4
Second Class,Consumer,East,Chairs,396.802,0.3,4
Standard Class,Consumer,East,Tables,1252.704,0.4,4
Standard Class,Home Office,Central,Tables,206.962,0.3,4
Standard Class,Consumer,West,Furnishings,79.76,0.0,4
Standard Class,Corporate,South,Furnishings,692.472,0.2,4
Second Class,Home Office,East,Tables,446.068,0.3,4
Second Class,Home Office,East,Bookcases,170.98,0.0,4
Standard Class,Consumer,West,Chairs,283.92,0.2,4
Standard Class,Consumer,South,Tables,375.4575,0.45,4
Second Class,Home Office,East,Furnishings,38.97,0.0,4
Standard Class,Corporate,East,Furnishings,68.16,0.0,4
Standard Class,Consumer,East,Furnishings,71.12,0.2,4
Standard Class,Corporate,Central,Furnishings,12.132,0.6,4
Standard Class,Consumer,East,Furnishings,322.59,0.0,4
Standard Class,Consumer,Central,Furnishings,151.96,0.6,4
Standard Class,Corporate,Central,Chairs,301.96,0.0,4
Standard Class,Corporate,Central,Chairs,1106.91,0.0,4
Second Class,Consumer,West,Furnishings,80.96,0.0,4
First Class,Corporate,South,Furnishings,17.088,0.2,4
First Class,Consumer,South,Furnishings,335.744,0.2,4
Standard Class,Consumer,East,Bookcases,681.408,0.2,4
Second Class,Home Office,West,Chairs,2003.92,0.2,4
Second Class,Home Office,West,Tables,1913.4,0.0,4
Same Day,Consumer,Central,Furnishings,6.688,0.6,4
Standard Class,Home Office,West,Chairs,2676.672,0.2,4
Standard Class,Consumer,South,Furnishings,77.952,0.2,4
Standard Class,Corporate,East,Furnishings,2.96,0.2,4
Standard Class,Consumer,West,Bookcases,359.499,0.15,4
Second Class,Corporate,West,Furnishings,36.4,0.0,4
Standard Class,Consumer,West,Furnishings,25.08,0.0,4
Second Class,Consumer,East,Chairs,384.174,0.1,4
Standard Class,Consumer,East,Chairs,361.764,0.1,4
Standard Class,Consumer,East,Chairs,364.41,0.1,4
Standard Class,Consumer,East,Furnishings,28.44,0.0,4
First Class,Corporate,South,Chairs,97.424,0.2,4
Standard Class,Corporate,West,Furnishings,44.46,0.0,4
Second Class,Consumer,East,Chairs,164.646,0.1,4
Same Day,Consumer,East,Chairs,70.686,0.3,4
Standard Class,Consumer,East,Furnishings,113.92,0.0,4
Standard Class,Consumer,West,Furnishings,206.112,0.2,4
Standard Class,Consumer,West,Furnishings,79.92,0.0,4
Standard Class,Consumer,South,Chairs,283.92,0.0,4
Standard Class,Corporate,Central,Chairs,191.96,0.0,4
Standard Class,Corporate,Central,Tables,801.96,0.0,4
Standard Class,Corporate,East,Chairs,542.94,0.0,4
Standard Class,Consumer,West,Tables,364.95,0.5,4
Standard Class,Consumer,West,Bookcases,69.576,0.7,4
Standard Class,Consumer,West,Furnishings,52.416,0.2,4
Standard Class,Consumer,West,Furnishings,54.92,0.2,4
Standard Class,Consumer,West,Chairs,348.928,0.2,4
Standard Class,Consumer,West,Furnishings,166.5,0.0,4
Second Class,Corporate,West,Tables,273.568,0.2,4
Standard Class,Consumer,West,Furnishings,29.22,0.0,4
Standard Class,Home Office,West,Furnishings,15.24,0.0,4
Standard Class,Corporate,South,Furnishings,6.16,0.0,4
First Class,Consumer,East,Furnishings,262.864,0.2,4
Same Day,Consumer,Central,Furnishings,212.13,0.0,4
Standard Class,Consumer,Central,Furnishings,41.552,0.6,4
Same Day,Consumer,Central,Chairs,302.94,0.0,4
Same Day,Consumer,Central,Chairs,546.66,0.0,4
Same Day,Consumer,Central,Chairs,142.36,0.0,4
Standard Class,Corporate,South,Furnishings,20.32,0.2,4
Second Class,Home Office,East,Tables,1053.164,0.3,4
Standard Class,Consumer,West,Furnishings,14.368,0.2,4
Standard Class,Consumer,Central,Bookcases,359.058,0.3,4
Second Class,Home Office,Central,Furnishings,51.756,0.6,4
Second Class,Consumer,West,Tables,1618.37,0.0,4
First Class,Corporate,East,Chairs,422.625,0.3,4
Standard Class,Corporate,Central,Furnishings,9.68,0.0,4
Standard Class,Consumer,West,Furnishings,7.712,0.2,4
First Class,Consumer,East,Furnishings,72.704,0.2,4
Standard Class,Consumer,West,Bookcases,590.058,0.7,4
Standard Class,Corporate,West,Chairs,883.84,0.2,4
Standard Class,Corporate,East,Furnishings,547.136,0.2,4
Standard Class,Consumer,East,Bookcases,449.568,0.2,4
Standard Class,Corporate,Central,Bookcases,160.98,0.0,4
Second Class,Consumer,South,Furnishings,275.88,0.0,4
Standard Class,Home Office,Central,Chairs,275.058,0.3,4
Standard Class,Consumer,East,Tables,51.588,0.4,4
Standard Class,Corporate,South,Bookcases,131.104,0.2,4
Standard Class,Corporate,South,Furnishings,53.352,0.2,4
Standard Class,Corporate,East,Tables,1548.99,0.4,4
Standard Class,Home Office,Central,Bookcases,532.3992,0.32,4
Standard Class,Home Office,Central,Chairs,212.058,0.3,4
Standard Class,Consumer,Central,Furnishings,14.76,0.6,4
Standard Class,Corporate,East,Bookcases,173.94,0.0,1
Standard Class,Corporate,Central,Tables,1592.85,0.0,1
Standard Class,Consumer,Central,Furnishings,23.076,0.6,1
Standard Class,Corporate,Central,Bookcases,1565.88,0.0,1
Second Class,Corporate,East,Furnishings,15.168,0.2,1
Standard Class,Corporate,West,Furnishings,79.92,0.0,1
Second Class,Consumer,West,Furnishings,24.85,0.0,1
Standard Class,Home Office,East,Furnishings,54.992,0.2,1
Standard Class,Consumer,South,Furnishings,315.776,0.2,1
Same Day,Consumer,East,Tables,181.797,0.3,1
Standard Class,Home Office,East,Furnishings,322.59,0.0,1
Second Class,Consumer,West,Chairs,1013.488,0.2,1
Second Class,Consumer,West,Chairs,153.568,0.2,1
Standard Class,Consumer,South,Bookcases,451.136,0.2,1
Standard Class,Consumer,South,Furnishings,14.272,0.2,1
Standard Class,Corporate,West,Furnishings,109.9,0.0,1
Standard Class,Consumer,West,Furnishings,59.99,0.0,1
Second Class,Corporate,East,Furnishings,45.98,0.0,1
Second Class,Corporate,East,Tables,313.722,0.4,1
Second Class,Consumer,West,Bookcases,48.58,0.0,1
Standard Class,Consumer,Central,Tables,626.1,0.5,1
Second Class,Consumer,West,Chairs,435.168,0.2,1
Second Class,Consumer,South,Furnishings,18.69,0.0,1
Standard Class,Corporate,Central,Furnishings,73.784,0.6,1
Standard Class,Consumer,South,Chairs,866.4,0.0,1
Standard Class,Consumer,West,Furnishings,14.368,0.2,1
Standard Class,Consumer,West,Tables,557.728,0.2,1
Same Day,Home Office,South,Bookcases,239.98,0.0,1
Same Day,Home Office,South,Furnishings,18.84,0.0,1
Standard Class,Corporate,South,Furnishings,132.224,0.2,1
Standard Class,Corporate,Central,Chairs,241.5,0.3,1
First Class,Consumer,East,Tables,550.431,0.3,1
First Class,Consumer,East,Furnishings,10.56,0.0,1
Standard Class,Corporate,Central,Chairs,62.958,0.3,1
Standard Class,Consumer,East,Chairs,326.646,0.1,1
Standard Class,Consumer,South,Furnishings,318.08,0.0,1
Standard Class,Consumer,East,Chairs,227.96,0.0,1
Standard Class,Consumer,East,Furnishings,44.46,0.0,1
First Class,Corporate,East,Furnishings,135.8,0.0,1
Standard Class,Corporate,East,Furnishings,68.95,0.0,1
Standard Class,Consumer,Central,Furnishings,16.192,0.6,1
Standard Class,Consumer,East,Tables,836.592,0.4,1
First Class,Corporate,Central,Chairs,563.43,0.3,1
Standard Class,Consumer,Central,Tables,637.896,0.3,1
Same Day,Corporate,West,Furnishings,35.28,0.0,1
Standard Class,Consumer,Central,Furnishings,159.04,0.6,1
Standard Class,Consumer,Central,Tables,145.98,0.5,1
Standard Class,Consumer,South,Furnishings,102.36,0.2,1
Standard Class,Consumer,East,Furnishings,113.6,0.0,1
First Class,Consumer,East,Chairs,354.9,0.0,1
Standard Class,Consumer,East,Bookcases,176.784,0.2,1
Standard Class,Home Office,South,Furnishings,76.92,0.0,1
Same Day,Home Office,East,Furnishings,30.336,0.2,1
Standard Class,Consumer,East,Tables,244.006,0.3,1
Second Class,Corporate,West,Chairs,770.352,0.2,1
Second Class,Corporate,East,Chairs,386.68,0.3,1
Standard Class,Consumer,Central,Tables,557.585,0.3,1
Standard Class,Home Office,South,Furnishings,127.88,0.0,1
Second Class,Corporate,West,Furnishings,28.28,0.0,1
Standard Class,Consumer,East,Furnishings,21.88,0.2,1
Standard Class,Corporate,Central,Furnishings,16.74,0.0,1
First Class,Consumer,Central,Bookcases,241.332,0.32,1
First Class,Corporate,West,Chairs,196.784,0.2,1
First Class,Corporate,West,Chairs,1352.032,0.2,1
Standard Class,Corporate,Central,Chairs,528.43,0.3,1
Same Day,Consumer,East,Furnishings,971.5,0.0,1
Second Class,Consumer,South,Tables,189.882,0.4,1
Second Class,Consumer,West,Bookcases,72.294,0.7,1
Second Class,Consumer,East,Furnishings,20.32,0.0,1
Second Class,Consumer,East,Furnishings,14.98,0.0,1
Second Class,Corporate,South,Furnishings,86.45,0.0,1
Standard Class,Home Office,Central,Tables,697.16,0.0,1
Standard Class,Corporate,Central,Tables,99.372,0.3,1
Standard Class,Consumer,Central,Chairs,528.43,0.3,1
Same Day,Consumer,West,Chairs,167.888,0.2,1
Second Class,Consumer,East,Bookcases,301.47,0.5,1
Standard Class,Corporate,South,Furnishings,39.92,0.0,1
Standard Class,Corporate,South,Furnishings,20.24,0.0,1
Second Class,Home Office,Central,Chairs,844.116,0.3,1
Standard Class,Consumer,East,Furnishings,414.0,0.0,1
Standard Class,Consumer,East,Bookcases,299.975,0.5,1
Standard Class,Consumer,East,Chairs,327.996,0.1,1
Second Class,Home Office,South,Furnishings,7.04,0.0,2
Standard Class,Consumer,East,Chairs,1317.492,0.1,2
Second Class,Corporate,Central,Chairs,1454.9,0.0,2
Standard Class,Consumer,Central,Furnishings,71.12,0.0,2
Second Class,Home Office,East,Furnishings,82.64,0.0,2
Standard Class,Corporate,East,Chairs,658.746,0.1,2
Standard Class,Home Office,South,Furnishings,159.92,0.0,2
Standard Class,Consumer,East,Bookcases,388.704,0.2,2
First Class,Consumer,South,Bookcases,354.9,0.0,2
Standard Class,Consumer,Central,Chairs,95.984,0.3,2
Standard Class,Consumer,West,Furnishings,24.7,0.0,2
Standard Class,Consumer,West,Bookcases,556.665,0.15,2
Standard Class,Consumer,West,Chairs,638.288,0.2,2
Standard Class,Consumer,South,Tables,343.92,0.0,2
First Class,Consumer,West,Chairs,194.352,0.2,2
Standard Class,Consumer,West,Chairs,383.8,0.2,2
Same Day,Consumer,West,Chairs,933.536,0.2,2
Second Class,Consumer,West,Chairs,1121.568,0.2,2
Standard Class,Corporate,East,Furnishings,9.96,0.0,2
Standard Class,Consumer,West,Bookcases,257.499,0.15,2
Standard Class,Corporate,South,Furnishings,79.12,0.2,2
Second Class,Home Office,South,Furnishings,18.624,0.2,2
Standard Class,Corporate,Central,Chairs,344.372,0.3,2
Standard Class,Corporate,Central,Furnishings,127.88,0.6,2
Standard Class,Home Office,East,Tables,205.176,0.4,2
Standard Class,Home Office,Central,Furnishings,86.62,0.0,2
Second Class,Consumer,West,Furnishings,31.56,0.0,2
Standard Class,Home Office,West,Furnishings,23.56,0.2,2
Standard Class,Home Office,West,Tables,1272.63,0.5,2
Standard Class,Home Office,West,Chairs,1325.76,0.2,2
Standard Class,Home Office,East,Chairs,434.646,0.1,2
Standard Class,Corporate,West,Chairs,41.568,0.2,2
Second Class,Consumer,Central,Furnishings,30.344,0.6,2
Standard Class,Corporate,West,Furnishings,111.888,0.2,2
Standard Class,Home Office,Central,Furnishings,22.608,0.6,2
First Class,Consumer,South,Tables,370.62,0.4,2
Standard Class,Consumer,Central,Chairs,366.744,0.3,2
Standard Class,Corporate,East,Furnishings,12.56,0.0,2
Standard Class,Consumer,South,Chairs,187.056,0.2,2
Standard Class,Corporate,East,Furnishings,214.7,0.0,2
First Class,Consumer,East,Furnishings,51.968,0.2,2
First Class,Consumer,West,Tables,298.776,0.2,2
Second Class,Consumer,West,Tables,71.088,0.2,2
First Class,Corporate,West,Tables,1685.88,0.0,2
Standard Class,Consumer,South,Furnishings,16.72,0.2,2
Standard Class,Consumer,West,Furnishings,41.6,0.0,2
Standard Class,Home Office,East,Furnishings,54.712,0.2,2
Standard Class,Consumer,East,Furnishings,63.68,0.0,2
Standard Class,Consumer,East,Chairs,442.764,0.1,2
Second Class,Corporate,East,Furnishings,211.96,0.0,2
Standard Class,Corporate,East,Furnishings,10.02,0.0,2
Same Day,Consumer,East,Furnishings,79.384,0.2,2
Standard Class,Corporate,South,Furnishings,30.192,0.2,2
Second Class,Consumer,West,Furnishings,282.84,0.0,2
First Class,Consumer,Central,Furnishings,22.608,0.6,2
First Class,Consumer,East,Furnishings,173.24,0.0,2
Standard Class,Consumer,South,Chairs,641.96,0.0,2
Standard Class,Consumer,East,Furnishings,35.92,0.0,2
Standard Class,Consumer,East,Furnishings,39.76,0.0,2
Standard Class,Home Office,West,Furnishings,1049.2,0.0,2
Standard Class,Consumer,East,Tables,174.286,0.3,2
Standard Class,Consumer,West,Furnishings,37.05,0.0,2
Standard Class,Home Office,South,Furnishings,24.96,0.0,2
Same Day,Consumer,Central,Chairs,388.43,0.3,2
Standard Class,Consumer,West,Chairs,484.704,0.2,2
Standard Class,Consumer,Central,Furnishings,26.94,0.0,2
Standard Class,Consumer,East,Furnishings,41.37,0.0,2
Standard Class,Consumer,Central,Furnishings,5.584,0.6,2
Standard Class,Consumer,Central,Furnishings,25.176,0.6,2
Second Class,Corporate,Central,Chairs,3504.9,0.0,2
Standard Class,Corporate,South,Chairs,390.272,0.2,2
Standard Class,Consumer,South,Furnishings,44.76,0.2,2
Standard Class,Corporate,West,Chairs,801.568,0.2,2
Standard Class,Corporate,South,Tables,2275.5,0.0,2
Standard Class,Corporate,West,Furnishings,167.84,0.0,2
Standard Class,Home Office,Central,Furnishings,47.4,0.0,2
Standard Class,Consumer,Central,Chairs,191.079,0.3,2
Standard Class,Consumer,Central,Furnishings,32.064,0.6,2
Second Class,Corporate,West,Tables,71.088,0.2,2
Same Day,Consumer,East,Bookcases,136.784,0.2,2
Second Class,Consumer,Central,Furnishings,4.044,0.6,2
Second Class,Consumer,Central,Furnishings,11.688,0.6,2
Second Class,Consumer,Central,Tables,177.225,0.5,2
Second Class,Consumer,Central,Furnishings,419.68,0.6,2
Same Day,Consumer,East,Furnishings,61.12,0.0,2
Standard Class,Consumer,East,Furnishings,82.64,0.2,2
Standard Class,Consumer,East,Furnishings,466.32,0.2,2
Standard Class,Consumer,West,Chairs,122.352,0.2,2
Standard Class,Home Office,Central,Tables,692.94,0.0,2
Standard Class,Consumer,West,Tables,1335.68,0.2,2
Standard Class,Consumer,West,Tables,902.712,0.2,2
Standard Class,Corporate,Central,Furnishings,12.544,0.6,2
Second Class,Home Office,Central,Chairs,379.372,0.3,2
First Class,Consumer,East,Furnishings,47.04,0.0,2
Second Class,Home Office,Central,Furnishings,6.984,0.6,2
Same Day,Corporate,West,Tables,1293.488,0.2,2
Standard Class,Corporate,East,Tables,337.176,0.4,2
First Class,Home Office,West,Furnishings,8.73,0.0,2
Same Day,Home Office,West,Bookcases,599.165,0.15,2
Standard Class,Corporate,West,Tables,1115.17,0.0,2
First Class,Consumer,West,Chairs,483.136,0.2,2
First Class,Consumer,West,Furnishings,266.352,0.2,2
First Class,Consumer,East,Chairs,319.41,0.1,2
First Class,Consumer,West,Bookcases,239.666,0.15,2
Standard Class,Corporate,East,Tables,376.866,0.4,2
Standard Class,Corporate,Central,Furnishings,57.69,0.0,2
First Class,Consumer,West,Chairs,161.568,0.2,2
Standard Class,Consumer,East,Bookcases,353.568,0.2,2
Second Class,Consumer,Central,Chairs,85.246,0.3,2
Standard Class,Corporate,East,Chairs,422.058,0.3,2
Second Class,Consumer,Central,Furnishings,32.712,0.6,2
Standard Class,Consumer,West,Furnishings,22.14,0.0,2
Standard Class,Corporate,East,Furnishings,37.74,0.0,2
Standard Class,Corporate,Central,Chairs,539.658,0.3,2
Second Class,Consumer,East,Chairs,121.96,0.0,2
Second Class,Consumer,South,Bookcases,1266.86,0.0,2
Second Class,Corporate,West,Chairs,195.184,0.2,3
First Class,Corporate,Central,Chairs,528.43,0.3,3
First Class,Consumer,West,Furnishings,25.4,0.0,3
First Class,Consumer,West,Bookcases,1279.165,0.15,3
Same Day,Home Office,West,Furnishings,25.4,0.0,3
Second Class,Consumer,West,Chairs,287.968,0.2,3
Second Class,Corporate,Central,Furnishings,60.288,0.6,3
Second Class,Corporate,Central,Chairs,253.372,0.3,3
Standard Class,Consumer,West,Furnishings,215.65,0.0,3
Standard Class,Consumer,West,Chairs,662.88,0.2,3
Standard Class,Corporate,East,Furnishings,165.28,0.0,3
Standard Class,Corporate,East,Chairs,408.006,0.1,3
Second Class,Corporate,East,Bookcases,579.136,0.2,3
Standard Class,Consumer,West,Furnishings,30.8,0.0,3
Standard Class,Consumer,South,Furnishings,51.75,0.0,3
Standard Class,Corporate,West,Chairs,230.28,0.2,3
Second Class,Corporate,Central,Furnishings,9.552,0.6,3
Second Class,Consumer,West,Furnishings,24.75,0.0,3
Second Class,Consumer,West,Furnishings,12.42,0.0,3
Standard Class,Corporate,West,Chairs,544.008,0.2,3
Standard Class,Corporate,West,Chairs,854.352,0.2,3
Standard Class,Corporate,South,Chairs,140.81,0.0,3
Standard Class,Consumer,South,Bookcases,504.9,0.0,3
Standard Class,Consumer,South,Furnishings,185.58,0.0,3
Standard Class,Consumer,South,Chairs,363.92,0.2,3
Standard Class,Consumer,East,Furnishings,11.648,0.2,3
Standard Class,Corporate,East,Furnishings,27.42,0.0,3
Second Class,Corporate,East,Chairs,253.764,0.1,3
Standard Class,Consumer,West,Furnishings,69.3,0.0,3
Standard Class,Consumer,West,Chairs,241.568,0.2,3
Standard Class,Consumer,South,Tables,2430.08,0.0,3
Standard Class,Consumer,West,Furnishings,255.76,0.0,3
Second Class,Corporate,Central,Chairs,403.56,0.0,3
Second Class,Corporate,Central,Furnishings,95.2,0.0,3
Standard Class,Home Office,Central,Furnishings,302.72,0.6,3
Standard Class,Home Office,Central,Furnishings,24.7,0.6,3
First Class,Consumer,East,Bookcases,177.45,0.5,3
Standard Class,Consumer,Central,Furnishings,272.94,0.0,3
Standard Class,Corporate,West,Tables,863.128,0.2,3
Second Class,Consumer,East,Furnishings,19.312,0.2,3
Second Class,Corporate,West,Tables,136.464,0.2,3
Standard Class,Home Office,South,Furnishings,109.8,0.0,3
Standard Class,Home Office,West,Tables,513.024,0.2,3
Standard Class,Home Office,East,Chairs,145.764,0.1,3
Second Class,Consumer,East,Tables,209.148,0.4,3
Standard Class,Corporate,South,Tables,562.2925,0.45,3
Second Class,Corporate,Central,Bookcases,241.96,0.0,3
Second Class,Consumer,South,Chairs,225.296,0.2,3
Standard Class,Consumer,West,Furnishings,312.03,0.0,3
First Class,Corporate,West,Tables,161.28,0.2,3
Second Class,Home Office,Central,Furnishings,9.552,0.6,3
Second Class,Home Office,Central,Furnishings,5.344,0.6,3
Standard Class,Consumer,East,Chairs,573.174,0.1,3
Standard Class,Corporate,West,Tables,2887.056,0.2,3
Second Class,Home Office,East,Tables,815.292,0.4,3
First Class,Home Office,West,Furnishings,98.328,0.2,3
Standard Class,Consumer,West,Chairs,532.704,0.2,3
Standard Class,Home Office,Central,Furnishings,22.608,0.6,3
Standard Class,Consumer,South,Furnishings,186.54,0.0,3
Standard Class,Consumer,Central,Tables,447.84,0.0,3
First Class,Corporate,West,Chairs,1603.136,0.2,3
First Class,Corporate,Central,Chairs,1024.716,0.3,3
Second Class,Consumer,East,Tables,244.615,0.3,3
First Class,Consumer,Central,Bookcases,156.3728,0.32,3
Standard Class,Corporate,East,Tables,241.92,0.4,3
Standard Class,Corporate,East,Bookcases,163.88,0.5,3
First Class,Consumer,East,Chairs,786.744,0.3,3
Standard Class,Consumer,West,Furnishings,47.04,0.0,3
Standard Class,Consumer,East,Furnishings,191.82,0.0,3
Standard Class,Consumer,East,Furnishings,39.98,0.0,3
Standard Class,Consumer,West,Tables,568.728,0.2,3
Standard Class,Consumer,West,Furnishings,94.68,0.0,3
First Class,Home Office,Central,Furnishings,84.272,0.6,3
Second Class,Consumer,West,Chairs,215.976,0.2,3
Standard Class,Consumer,South,Tables,472.518,0.4,3
Standard Class,Home Office,Central,Furnishings,83.952,0.6,3
Second Class,Consumer,East,Furnishings,14.76,0.0,3
Standard Class,Consumer,Central,Bookcases,198.744,0.3,3
Second Class,Consumer,East,Bookcases,344.94,0.0,3
Standard Class,Consumer,East,Furnishings,63.94,0.0,3
Same Day,Consumer,West,Furnishings,24.27,0.0,3
Standard Class,Consumer,South,Furnishings,42.6,0.0,3
Standard Class,Consumer,East,Furnishings,58.248,0.2,3
Standard Class,Consumer,East,Chairs,887.271,0.3,3
Second Class,Consumer,Central,Chairs,242.94,0.0,3
First Class,Corporate,Central,Furnishings,21.204,0.6,3
Standard Class,Consumer,South,Tables,1652.94,0.0,3
Second Class,Consumer,Central,Furnishings,12.22,0.0,3
Standard Class,Consumer,East,Chairs,85.246,0.3,3
Second Class,Corporate,East,Furnishings,82.8,0.2,3
Standard Class,Consumer,East,Chairs,71.246,0.3,3
Standard Class,Corporate,Central,Chairs,347.802,0.3,3
Second Class,Consumer,East,Bookcases,722.352,0.2,3
Standard Class,Consumer,West,Furnishings,43.13,0.0,3
Same Day,Consumer,West,Tables,146.04,0.2,3
Standard Class,Consumer,Central,Furnishings,14.136,0.6,3
Standard Class,Home Office,East,Bookcases,173.94,0.0,3
Second Class,Consumer,Central,Bookcases,2396.2656,0.32,3
Standard Class,Consumer,Central,Tables,601.47,0.5,3
Second Class,Home Office,Central,Furnishings,15.008,0.6,3
Second Class,Consumer,Central,Tables,300.93,0.3,3
Second Class,Corporate,West,Chairs,466.768,0.2,3
Standard Class,Corporate,South,Chairs,1059.12,0.0,3
Same Day,Home Office,West,Chairs,83.136,0.2,3
Standard Class,Corporate,East,Furnishings,40.48,0.0,3
Second Class,Corporate,West,Furnishings,15.136,0.2,3
Second Class,Corporate,West,Furnishings,15.232,0.2,3
Standard Class,Consumer,Central,Furnishings,1336.44,0.0,3
Standard Class,Corporate,West,Tables,1128.39,0.0,3
Standard Class,Corporate,West,Bookcases,273.666,0.15,3
First Class,Home Office,South,Chairs,121.78,0.0,3
Standard Class,Corporate,East,Furnishings,109.48,0.0,3
Standard Class,Consumer,East,Furnishings,191.82,0.0,3
Standard Class,Consumer,East,Furnishings,14.82,0.0,3
Standard Class,Home Office,West,Chairs,113.888,0.2,3
Standard Class,Consumer,South,Chairs,350.98,0.0,3
First Class,Consumer,East,Chairs,99.372,0.3,3
First Class,Consumer,East,Furnishings,5.352,0.2,3
Standard Class,Corporate,South,Tables,383.438,0.45,3
Standard Class,Consumer,East,Chairs,631.782,0.1,3
Standard Class,Consumer,East,Furnishings,60.72,0.0,3
Standard Class,Corporate,West,Chairs,801.568,0.2,3
Standard Class,Corporate,West,Chairs,885.528,0.2,3
First Class,Home Office,East,Furnishings,25.632,0.2,3
First Class,Home Office,East,Chairs,872.32,0.0,3
Same Day,Home Office,Central,Chairs,701.372,0.3,3
Standard Class,Home Office,West,Bookcases,163.88,0.0,3
Standard Class,Corporate,South,Furnishings,17.088,0.2,3
Standard Class,Corporate,South,Chairs,98.392,0.2,3
Standard Class,Home Office,South,Furnishings,13.28,0.0,3
Standard Class,Corporate,Central,Furnishings,18.96,0.0,3
Standard Class,Corporate,West,Furnishings,68.432,0.2,3
Standard Class,Corporate,West,Chairs,184.752,0.2,3
Standard Class,Corporate,East,Furnishings,532.704,0.2,3
Second Class,Consumer,South,Chairs,368.97,0.0,3
Second Class,Home Office,East,Furnishings,28.0,0.2,3
Standard Class,Consumer,Central,Furnishings,127.95,0.0,3
Standard Class,Consumer,East,Chairs,155.372,0.3,3
Standard Class,Home Office,West,Furnishings,21.44,0.2,3
Same Day,Corporate,West,Furnishings,63.2,0.0,3
Standard Class,Corporate,West,Chairs,563.24,0.2,3
Standard Class,Consumer,West,Chairs,483.136,0.2,3
Standard Class,Consumer,West,Tables,393.165,0.5,3
First Class,Corporate,West,Bookcases,477.666,0.15,3
Standard Class,Corporate,Central,Chairs,201.96,0.0,3
Standard Class,Corporate,Central,Furnishings,68.64,0.0,3
Standard Class,Consumer,Central,Chairs,747.558,0.3,3
Standard Class,Corporate,Central,Chairs,454.965,0.3,3
Standard Class,Corporate,West,Bookcases,424.9575,0.15,3
Standard Class,Corporate,Central,Bookcases,956.6648,0.32,3
Standard Class,Consumer,East,Bookcases,523.92,0.2,3
First Class,Consumer,Central,Furnishings,41.85,0.0,4
First Class,Consumer,West,Chairs,194.848,0.2,4
Standard Class,Consumer,East,Tables,330.588,0.4,4
Standard Class,Consumer,East,Chairs,599.292,0.1,4
Standard Class,Corporate,Central,Furnishings,38.08,0.6,4
Standard Class,Home Office,West,Chairs,915.136,0.2,4
Standard Class,Consumer,East,Tables,239.372,0.3,4
Standard Class,Corporate,South,Furnishings,11.568,0.2,4
Standard Class,Corporate,Central,Furnishings,51.712,0.6,4
Standard Class,Home Office,West,Furnishings,169.568,0.2,4
Second Class,Corporate,East,Furnishings,332.832,0.2,4
First Class,Consumer,Central,Furnishings,14.0,0.6,4
First Class,Corporate,West,Chairs,120.784,0.2,4
First Class,Corporate,West,Bookcases,90.882,0.7,4
Standard Class,Consumer,West,Furnishings,43.12,0.0,4
Standard Class,Consumer,Central,Furnishings,139.92,0.6,4
Standard Class,Corporate,West,Tables,727.45,0.5,4
Standard Class,Corporate,West,Furnishings,24.96,0.2,4
Standard Class,Corporate,East,Furnishings,82.26,0.0,4
Standard Class,Consumer,South,Chairs,102.592,0.2,4
Standard Class,Corporate,East,Tables,142.182,0.4,4
Standard Class,Home Office,West,Bookcases,120.666,0.15,4
First Class,Consumer,East,Bookcases,120.98,0.0,4
Standard Class,Consumer,West,Chairs,307.92,0.2,4
Second Class,Consumer,Central,Chairs,56.686,0.3,4
Standard Class,Corporate,West,Chairs,387.136,0.2,4
Standard Class,Home Office,South,Furnishings,61.1,0.0,4
Standard Class,Corporate,East,Tables,661.176,0.4,4
Standard Class,Consumer,West,Furnishings,19.96,0.0,4
Standard Class,Consumer,West,Chairs,242.136,0.2,4
Same Day,Corporate,East,Bookcases,1043.92,0.0,4
Standard Class,Home Office,South,Furnishings,45.568,0.2,4
First Class,Home Office,Central,Furnishings,31.4,0.0,4
Same Day,Consumer,West,Furnishings,101.94,0.0,4
First Class,Consumer,South,Furnishings,39.92,0.0,4
Standard Class,Corporate,Central,Furnishings,16.156,0.6,4
Second Class,Consumer,South,Chairs,290.98,0.0,4
Standard Class,Consumer,East,Chairs,427.644,0.1,4
Standard Class,Consumer,East,Furnishings,40.2,0.0,4
Same Day,Consumer,South,Furnishings,165.048,0.2,4
Same Day,Corporate,East,Furnishings,756.8,0.0,4
Same Day,Consumer,South,Furnishings,47.952,0.2,4
Standard Class,Corporate,East,Furnishings,77.6,0.0,4
Same Day,Consumer,South,Furnishings,63.968,0.2,4
First Class,Consumer,Central,Furnishings,67.0,0.0,4
Standard Class,Corporate,Central,Chairs,368.97,0.0,4
Standard Class,Corporate,West,Chairs,1403.92,0.2,4
Standard Class,Consumer,East,Chairs,492.835,0.3,4
First Class,Consumer,West,Chairs,217.584,0.2,4
Standard Class,Home Office,East,Chairs,470.155,0.3,4
Second Class,Consumer,South,Tables,842.94,0.0,4
Second Class,Consumer,South,Furnishings,24.1,0.0,4
Standard Class,Consumer,Central,Furnishings,11.376,0.6,4
Second Class,Corporate,West,Furnishings,209.88,0.0,4
Standard Class,Corporate,South,Furnishings,50.496,0.2,4
First Class,Consumer,West,Furnishings,38.29,0.0,4
Second Class,Corporate,West,Chairs,104.784,0.2,4
Standard Class,Consumer,Central,Furnishings,66.112,0.6,4
Second Class,Corporate,South,Tables,876.3,0.4,4
Second Class,Corporate,West,Chairs,650.352,0.2,4
Standard Class,Consumer,Central,Bookcases,956.6648,0.32,4
Standard Class,Consumer,Central,Tables,863.128,0.3,4
First Class,Consumer,South,Furnishings,756.8,0.0,4
First Class,Consumer,South,Furnishings,273.96,0.0,4
Second Class,Consumer,West,Chairs,113.888,0.2,4
First Class,Corporate,South,Chairs,207.984,0.2,4
First Class,Corporate,South,Furnishings,35.568,0.2,4
Second Class,Home Office,West,Furnishings,238.56,0.0,4
Second Class,Home Office,West,Chairs,81.424,0.2,4
Standard Class,Consumer,Central,Furnishings,44.46,0.6,4
Standard Class,Corporate,West,Furnishings,14.82,0.0,4
Standard Class,Home Office,West,Chairs,1603.136,0.2,4
Second Class,Consumer,South,Chairs,731.94,0.0,4
Second Class,Consumer,South,Bookcases,261.96,0.0,4
Second Class,Consumer,West,Furnishings,467.46,0.0,4
Standard Class,Home Office,East,Furnishings,148.288,0.2,4
Standard Class,Home Office,West,Furnishings,9.98,0.0,4
First Class,Consumer,Central,Bookcases,341.96,0.0,4
Standard Class,Corporate,Central,Furnishings,37.3,0.0,4
Second Class,Consumer,West,Furnishings,6.96,0.0,4
Standard Class,Corporate,East,Chairs,245.646,0.1,4
Standard Class,Consumer,West,Furnishings,41.96,0.0,4
Standard Class,Consumer,West,Chairs,451.152,0.2,4
Standard Class,Corporate,Central,Tables,2678.94,0.0,4
Standard Class,Corporate,Central,Chairs,47.992,0.3,4
Standard Class,Consumer,East,Chairs,449.372,0.3,4
Standard Class,Consumer,East,Chairs,1537.074,0.3,4
Standard Class,Consumer,East,Chairs,1474.802,0.3,4
First Class,Corporate,Central,Furnishings,22.752,0.6,4
First Class,Home Office,West,Tables,674.352,0.2,4
Standard Class,Home Office,West,Furnishings,4.18,0.0,4
Standard Class,Home Office,West,Furnishings,19.54,0.0,4
Standard Class,Corporate,Central,Furnishings,30.36,0.0,4
Standard Class,Consumer,East,Furnishings,19.92,0.0,4
Second Class,Consumer,East,Chairs,380.058,0.3,4
Second Class,Consumer,East,Furnishings,48.576,0.2,4
First Class,Consumer,East,Chairs,408.006,0.1,4
Same Day,Corporate,South,Tables,630.024,0.4,4
Second Class,Consumer,Central,Chairs,301.96,0.0,4
Standard Class,Home Office,Central,Chairs,255.108,0.3,4
Standard Class,Corporate,West,Furnishings,31.96,0.0,4
Standard Class,Consumer,Central,Furnishings,2.328,0.6,4
Second Class,Home Office,East,Bookcases,86.97,0.5,4
Standard Class,Corporate,South,Bookcases,289.568,0.2,4
Standard Class,Corporate,Central,Furnishings,7.068,0.6,4
Standard Class,Corporate,Central,Chairs,318.43,0.3,4
Standard Class,Consumer,East,Furnishings,77.952,0.2,4
Standard Class,Consumer,East,Chairs,127.554,0.3,4
Same Day,Home Office,East,Bookcases,113.568,0.2,4
Standard Class,Consumer,West,Chairs,195.136,0.2,4
Standard Class,Corporate,East,Furnishings,39.88,0.0,4
Same Day,Corporate,East,Furnishings,70.448,0.2,4
Same Day,Corporate,East,Furnishings,14.368,0.2,4
Standard Class,Home Office,West,Furnishings,9.94,0.0,4
Standard Class,Home Office,West,Furnishings,82.26,0.0,4
Second Class,Corporate,East,Furnishings,207.76,0.0,4
Standard Class,Home Office,South,Bookcases,339.92,0.2,4
Standard Class,Corporate,West,Chairs,1684.752,0.2,4
Standard Class,Consumer,West,Chairs,194.352,0.2,4
Standard Class,Corporate,Central,Tables,1568.61,0.0,4
Second Class,Corporate,East,Tables,313.176,0.4,4
Standard Class,Consumer,West,Furnishings,595.38,0.0,4
Standard Class,Consumer,West,Bookcases,3406.664,0.15,4
Standard Class,Corporate,East,Furnishings,31.56,0.0,4
Standard Class,Consumer,South,Tables,331.023,0.45,4
Standard Class,Corporate,East,Chairs,347.802,0.3,4
Second Class,Corporate,South,Chairs,182.67,0.0,4
Second Class,Home Office,Central,Furnishings,242.176,0.6,4
Standard Class,Consumer,Central,Chairs,389.97,0.0,4
Standard Class,Consumer,East,Chairs,172.5,0.0,4
Standard Class,Consumer,West,Furnishings,16.74,0.0,4
Second Class,Consumer,East,Tables,366.009,0.3,4
Standard Class,Consumer,Central,Furnishings,17.31,0.0,4
Second Class,Consumer,East,Chairs,751.92,0.0,4
Second Class,Consumer,Central,Chairs,248.43,0.3,4
Second Class,Consumer,East,Furnishings,111.15,0.0,4
Second Class,Consumer,Central,Chairs,85.246,0.3,4
Same Day,Home Office,West,Furnishings,31.96,0.0,4
Second Class,Corporate,Central,Bookcases,781.864,0.32,4
Standard Class,Home Office,East,Furnishings,72.42,0.0,4
Standard Class,Corporate,West,Furnishings,14.52,0.0,4
Standard Class,Consumer,West,Tables,268.704,0.2,4
Standard Class,Consumer,Central,Chairs,29.98,0.0,4
First Class,Consumer,East,Chairs,542.646,0.1,4
Standard Class,Consumer,Central,Tables,581.96,0.0,4
First Class,Consumer,West,Furnishings,111.9,0.0,4
First Class,Consumer,East,Tables,400.032,0.4,4
Standard Class,Consumer,West,Bookcases,205.666,0.15,4
First Class,Consumer,East,Furnishings,113.79,0.0,4
Second Class,Corporate,East,Furnishings,13.4,0.0,4
First Class,Consumer,South,Furnishings,191.82,0.0,4
First Class,Corporate,East,Bookcases,81.94,0.0,4
Standard Class,Corporate,Central,Chairs,1951.84,0.0,4
Standard Class,Consumer,Central,Bookcases,405.86,0.0,4
First Class,Corporate,Central,Furnishings,190.92,0.6,4
Standard Class,Corporate,West,Tables,1421.664,0.2,4
Standard Class,Consumer,Central,Chairs,680.01,0.0,4
Second Class,Corporate,South,Tables,79.974,0.4,4
First Class,Consumer,South,Tables,1056.86,0.0,4
Same Day,Consumer,Central,Chairs,1424.9,0.0,4
Second Class,Consumer,West,Chairs,321.568,0.2,4
Same Day,Consumer,West,Chairs,363.92,0.2,4
Second Class,Corporate,West,Furnishings,14.8,0.0,4
Same Day,Consumer,West,Tables,892.136,0.2,4
First Class,Home Office,West,Chairs,403.92,0.2,4
Same Day,Corporate,East,Tables,328.59,0.4,4
Same Day,Corporate,East,Chairs,458.43,0.3,4
Standard Class,Corporate,East,Furnishings,60.35,0.0,4
Standard Class,Consumer,West,Furnishings,383.64,0.0,4
Standard Class,Home Office,Central,Furnishings,33.48,0.0,4
Standard Class,Corporate,West,Tables,1114.272,0.2,4
Standard Class,Consumer,South,Furnishings,133.38,0.0,4
Standard Class,Consumer,East,Furnishings,396.92,0.0,4
First Class,Corporate,West,Chairs,81.424,0.2,4
Standard Class,Consumer,West,Furnishings,14.76,0.0,4
Standard Class,Corporate,Central,Tables,1652.94,0.0,4
Standard Class,Home Office,West,Tables,564.195,0.5,4
Standard Class,Consumer,West,Chairs,563.92,0.2,4
Standard Class,Consumer,West,Tables,2003.52,0.2,4
First Class,Home Office,Central,Chairs,563.94,0.0,4
First Class,Home Office,West,Tables,377.45,0.5,4
Standard Class,Corporate,West,Furnishings,183.84,0.0,4
Standard Class,Corporate,Central,Furnishings,18.84,0.0,4
Standard Class,Consumer,West,Furnishings,39.92,0.0,4
Standard Class,Corporate,West,Tables,455.97,0.5,4
Second Class,Consumer,East,Furnishings,303.92,0.2,4
Standard Class,Home Office,South,Furnishings,18.92,0.0,4
Standard Class,Consumer,West,Furnishings,22.784,0.2,4
Standard Class,Consumer,West,Furnishings,41.96,0.0,4
Standard Class,Consumer,West,Furnishings,842.72,0.0,4
Standard Class,Consumer,West,Furnishings,11.84,0.2,4
Second Class,Consumer,South,Furnishings,572.76,0.0,4
Second Class,Corporate,Central,Furnishings,2.328,0.6,4
Second Class,Consumer,South,Furnishings,286.38,0.0,4
First Class,Corporate,Central,Bookcases,141.372,0.3,4
Standard Class,Consumer,East,Furnishings,799.56,0.0,4
Standard Class,Consumer,West,Furnishings,43.96,0.0,4
Standard Class,Consumer,South,Furnishings,343.85,0.0,4
Standard Class,Corporate,West,Chairs,47.968,0.2,4
Standard Class,Corporate,West,Tables,35.445,0.5,4
Standard Class,Consumer,West,Chairs,698.352,0.2,4
Standard Class,Consumer,West,Tables,1747.25,0.0,4
Standard Class,Consumer,East,Chairs,2563.056,0.1,4
Standard Class,Corporate,East,Chairs,866.646,0.1,4
Standard Class,Corporate,East,Tables,313.176,0.4,4
Standard Class,Corporate,East,Furnishings,21.12,0.0,4
Standard Class,Corporate,West,Tables,902.712,0.2,4
Standard Class,Corporate,East,Chairs,212.94,0.0,4
Standard Class,Corporate,West,Chairs,146.352,0.2,4
Standard Class,Corporate,Central,Chairs,845.488,0.3,4
Standard Class,Consumer,Central,Chairs,754.45,0.0,4
Standard Class,Consumer,Central,Furnishings,70.56,0.0,4
First Class,Consumer,East,Chairs,170.786,0.3,4
Standard Class,Consumer,West,Furnishings,474.43,0.0,1
Standard Class,Consumer,Central,Chairs,310.744,0.3,1
Standard Class,Consumer,Central,Furnishings,141.42,0.6,1
Standard Class,Consumer,East,Furnishings,48.896,0.2,1
Second Class,Consumer,Central,Tables,913.43,0.3,1
First Class,Corporate,West,Tables,892.98,0.0,1
Second Class,Home Office,East,Furnishings,37.68,0.0,1
Second Class,Corporate,Central,Bookcases,212.94,0.0,1
Standard Class,Home Office,Central,Furnishings,18.96,0.0,1
Same Day,Corporate,West,Tables,399.672,0.2,1
Same Day,Corporate,West,Furnishings,27.92,0.0,1
Second Class,Consumer,Central,Chairs,302.67,0.0,1
Second Class,Consumer,East,Furnishings,31.968,0.2,1
Second Class,Consumer,East,Chairs,887.271,0.3,1
Second Class,Corporate,East,Chairs,207.846,0.1,1
Standard Class,Home Office,West,Bookcases,84.98,0.0,1
First Class,Corporate,Central,Tables,210.98,0.0,1
Standard Class,Consumer,South,Furnishings,62.72,0.0,1
Second Class,Home Office,West,Furnishings,37.74,0.0,1
Second Class,Consumer,Central,Furnishings,14.91,0.0,1
Standard Class,Corporate,Central,Furnishings,34.58,0.0,1
Standard Class,Consumer,Central,Tables,69.375,0.5,1
Standard Class,Consumer,South,Chairs,419.136,0.2,1
Standard Class,Home Office,West,Chairs,120.784,0.2,1
Standard Class,Corporate,West,Furnishings,210.58,0.0,1
Standard Class,Consumer,West,Furnishings,86.26,0.0,1
Second Class,Home Office,Central,Furnishings,22.2,0.6,1
Standard Class,Consumer,East,Bookcases,240.784,0.2,1
First Class,Consumer,South,Bookcases,359.97,0.0,1
Standard Class,Consumer,Central,Furnishings,3.984,0.6,1
Second Class,Corporate,West,Furnishings,21.12,0.0,1
Standard Class,Home Office,West,Bookcases,203.983,0.15,1
Second Class,Corporate,West,Chairs,963.136,0.2,1
First Class,Consumer,East,Furnishings,147.568,0.2,1
Standard Class,Consumer,West,Furnishings,107.53,0.0,1
Standard Class,Consumer,Central,Furnishings,7.692,0.6,1
Standard Class,Consumer,Central,Chairs,600.558,0.3,1
Standard Class,Home Office,Central,Tables,480.96,0.5,1
First Class,Home Office,East,Furnishings,30.144,0.2,1
First Class,Home Office,Central,Bookcases,89.0664,0.32,1
First Class,Home Office,East,Tables,455.97,0.4,1
First Class,Home Office,East,Chairs,899.43,0.3,1
First Class,Home Office,West,Furnishings,44.67,0.0,1
Standard Class,Home Office,West,Furnishings,68.704,0.2,1
First Class,Corporate,West,Furnishings,22.23,0.0,1
Standard Class,Home Office,West,Tables,386.91,0.5,1
Standard Class,Consumer,South,Bookcases,231.92,0.2,1
Standard Class,Consumer,South,Chairs,196.784,0.2,1
Second Class,Home Office,West,Chairs,892.224,0.2,1
Standard Class,Consumer,West,Furnishings,91.96,0.0,1
Standard Class,Corporate,East,Bookcases,441.96,0.0,1
Standard Class,Consumer,West,Chairs,170.352,0.2,1
Standard Class,Corporate,West,Tables,399.672,0.2,1
Standard Class,Consumer,Central,Chairs,180.98,0.0,1
Second Class,Home Office,Central,Furnishings,103.5,0.6,1
Second Class,Consumer,East,Furnishings,71.97,0.0,1
Standard Class,Home Office,East,Furnishings,43.872,0.2,1
Standard Class,Home Office,East,Furnishings,6.696,0.2,1
Standard Class,Consumer,Central,Tables,933.408,0.3,1
Standard Class,Home Office,East,Tables,154.764,0.4,1
Standard Class,Home Office,East,Furnishings,26.72,0.0,1
Same Day,Home Office,Central,Chairs,89.768,0.3,1
Same Day,Consumer,East,Furnishings,51.264,0.2,1
Standard Class,Consumer,Central,Furnishings,82.524,0.6,1
Second Class,Consumer,West,Tables,697.16,0.2,1
Second Class,Consumer,West,Furnishings,30.93,0.0,1
Second Class,Consumer,Central,Furnishings,2.91,0.0,1
Standard Class,Home Office,West,Furnishings,22.14,0.0,1
Standard Class,Consumer,Central,Chairs,1805.88,0.0,1
First Class,Home Office,West,Furnishings,211.84,0.0,1
Standard Class,Consumer,East,Chairs,271.764,0.1,1
First Class,Corporate,East,Chairs,207.846,0.1,1
Standard Class,Corporate,Central,Chairs,1526.56,0.0,1
Standard Class,Corporate,Central,Chairs,90.99,0.0,1
Standard Class,Corporate,Central,Chairs,368.97,0.0,1
Standard Class,Corporate,Central,Furnishings,60.84,0.0,1
First Class,Consumer,East,Bookcases,257.568,0.2,1
Standard Class,Consumer,Central,Bookcases,1023.332,0.32,1
Standard Class,Consumer,Central,Chairs,600.558,0.3,1
Standard Class,Consumer,Central,Chairs,211.246,0.3,1
Second Class,Consumer,South,Tables,292.1,0.0,1
Second Class,Consumer,East,Furnishings,15.008,0.2,1
First Class,Corporate,West,Furnishings,21.56,0.0,1
First Class,Corporate,West,Furnishings,26.48,0.0,1
Second Class,Consumer,West,Furnishings,94.2,0.0,1
Standard Class,Corporate,Central,Bookcases,205.3328,0.32,1
Second Class,Home Office,South,Furnishings,61.0,0.0,1
Second Class,Consumer,East,Furnishings,29.78,0.0,1
Second Class,Corporate,South,Chairs,218.352,0.2,2
First Class,Corporate,South,Furnishings,127.95,0.0,2
First Class,Corporate,West,Bookcases,482.664,0.15,2
Standard Class,Consumer,West,Furnishings,25.11,0.0,2
First Class,Home Office,South,Tables,411.8,0.0,2
Standard Class,Consumer,East,Furnishings,25.472,0.2,2
Standard Class,Home Office,South,Tables,233.86,0.45,2
Standard Class,Home Office,South,Tables,620.6145,0.45,2
Standard Class,Home Office,South,Furnishings,258.072,0.2,2
Standard Class,Corporate,Central,Furnishings,273.96,0.0,2
Standard Class,Corporate,Central,Furnishings,306.9,0.0,2
Standard Class,Corporate,South,Furnishings,56.28,0.0,2
Standard Class,Consumer,East,Furnishings,36.672,0.2,2
Second Class,Corporate,South,Furnishings,12.32,0.2,2
Standard Class,Corporate,West,Chairs,436.704,0.2,2
Standard Class,Corporate,East,Furnishings,74.45,0.0,2
Standard Class,Consumer,East,Bookcases,242.352,0.2,2
Standard Class,Corporate,South,Bookcases,198.272,0.2,2
First Class,Corporate,West,Furnishings,196.45,0.0,2
Standard Class,Consumer,West,Bookcases,102.833,0.15,2
Standard Class,Consumer,West,Chairs,218.352,0.2,2
First Class,Consumer,East,Furnishings,60.312,0.2,2
First Class,Corporate,East,Furnishings,42.408,0.2,2
First Class,Corporate,East,Furnishings,51.968,0.2,2
Standard Class,Consumer,Central,Chairs,317.058,0.3,2
Standard Class,Consumer,Central,Furnishings,14.56,0.6,2
Standard Class,Home Office,Central,Furnishings,44.4,0.6,2
First Class,Consumer,East,Chairs,908.82,0.0,2
First Class,Consumer,West,Furnishings,162.6,0.0,2
Standard Class,Home Office,East,Furnishings,254.352,0.2,2
First Class,Consumer,West,Furnishings,18.28,0.0,2
Standard Class,Home Office,South,Furnishings,77.952,0.2,2
Second Class,Consumer,West,Furnishings,66.36,0.0,2
Standard Class,Home Office,South,Bookcases,387.136,0.2,2
First Class,Consumer,West,Furnishings,11.664,0.2,2
Second Class,Consumer,West,Furnishings,24.14,0.0,2
Second Class,Consumer,West,Bookcases,344.981,0.15,2
First Class,Consumer,Central,Furnishings,1.988,0.6,2
Standard Class,Corporate,Central,Bookcases,220.2656,0.32,2
Standard Class,Consumer,West,Furnishings,139.58,0.0,2
Second Class,Corporate,East,Tables,1048.35,0.4,2
Standard Class,Corporate,South,Furnishings,23.68,0.2,2
Standard Class,Home Office,South,Furnishings,220.704,0.2,2
Standard Class,Corporate,West,Furnishings,64.96,0.0,2
Standard Class,Consumer,South,Chairs,2803.92,0.2,2
Standard Class,Consumer,South,Tables,933.262,0.45,2
First Class,Consumer,South,Bookcases,314.352,0.2,2
Standard Class,Corporate,East,Furnishings,129.93,0.0,2
Standard Class,Corporate,East,Furnishings,32.448,0.2,2
Standard Class,Corporate,East,Tables,373.47,0.4,2
Standard Class,Corporate,West,Tables,300.904,0.2,2
First Class,Consumer,West,Bookcases,89.991,0.7,2
Standard Class,Corporate,Central,Bookcases,623.4648,0.32,2
Standard Class,Corporate,Central,Chairs,1458.65,0.0,2
Standard Class,Corporate,Central,Chairs,26.64,0.0,2
Standard Class,Corporate,Central,Chairs,476.8,0.0,2
Standard Class,Consumer,East,Chairs,47.992,0.3,2
Standard Class,Corporate,East,Chairs,128.058,0.3,2
First Class,Home Office,West,Tables,286.85,0.0,2
First Class,Corporate,South,Chairs,207.0,0.2,2
Standard Class,Home Office,Central,Furnishings,7.996,0.6,2
First Class,Corporate,West,Bookcases,209.979,0.7,2
Second Class,Consumer,East,Furnishings,42.85,0.0,2
Standard Class,Corporate,West,Tables,285.48,0.2,2
Standard Class,Home Office,East,Chairs,458.43,0.3,2
First Class,Consumer,Central,Chairs,899.43,0.3,2
Same Day,Consumer,West,Furnishings,18.28,0.0,2
First Class,Corporate,East,Chairs,261.96,0.0,2
Standard Class,Consumer,West,Chairs,42.624,0.2,2
Standard Class,Consumer,West,Furnishings,39.96,0.0,2
Standard Class,Consumer,West,Chairs,220.96,0.2,2
First Class,Corporate,South,Bookcases,302.94,0.0,2
Standard Class,Corporate,Central,Furnishings,22.608,0.6,2
Standard Class,Consumer,East,Furnishings,14.56,0.0,2
Standard Class,Corporate,Central,Furnishings,1.892,0.6,2
Standard Class,Consumer,South,Bookcases,1628.82,0.0,2
Second Class,Home Office,West,Chairs,681.408,0.2,2
Second Class,Corporate,South,Chairs,314.352,0.2,2
Standard Class,Home Office,West,Chairs,518.272,0.2,2
Standard Class,Home Office,West,Furnishings,6.98,0.0,2
Standard Class,Corporate,East,Furnishings,520.05,0.0,2
Standard Class,Consumer,Central,Chairs,181.986,0.3,2
Standard Class,Consumer,West,Tables,171.288,0.2,2
Same Day,Consumer,East,Furnishings,18.84,0.0,2
Standard Class,Consumer,Central,Furnishings,477.3,0.0,2
First Class,Consumer,West,Furnishings,35.0,0.0,2
Standard Class,Corporate,East,Furnishings,27.46,0.0,2
Second Class,Consumer,South,Chairs,301.96,0.0,2
Standard Class,Corporate,East,Bookcases,115.96,0.5,2
Second Class,Corporate,East,Furnishings,247.44,0.0,2
Second Class,Corporate,Central,Chairs,106.869,0.3,2
Standard Class,Consumer,Central,Furnishings,65.424,0.6,2
Standard Class,Consumer,Central,Furnishings,6.24,0.0,2
First Class,Consumer,South,Furnishings,8.01,0.0,2
Second Class,Consumer,Central,Bookcases,204.6664,0.32,2
First Class,Consumer,South,Bookcases,241.96,0.0,2
Standard Class,Home Office,West,Furnishings,13.592,0.2,2
Second Class,Corporate,Central,Chairs,1925.88,0.0,2
Standard Class,Consumer,South,Bookcases,241.568,0.2,2
Standard Class,Corporate,South,Furnishings,35.168,0.2,2
Standard Class,Corporate,East,Tables,384.768,0.4,2
Standard Class,Corporate,South,Furnishings,31.984,0.2,2
Second Class,Consumer,Central,Furnishings,30.336,0.6,2
Standard Class,Home Office,West,Furnishings,4.95,0.0,2
First Class,Home Office,West,Bookcases,1497.666,0.15,2
Standard Class,Home Office,Central,Tables,108.925,0.5,2
Standard Class,Home Office,Central,Furnishings,23.976,0.6,2
First Class,Home Office,West,Bookcases,514.165,0.15,2
First Class,Home Office,West,Chairs,280.792,0.2,2
Second Class,Consumer,West,Bookcases,174.42,0.0,2
Standard Class,Home Office,South,Tables,452.94,0.0,2
Standard Class,Consumer,South,Furnishings,17.088,0.2,2
Second Class,Consumer,Central,Furnishings,8.856,0.6,2
Standard Class,Consumer,East,Chairs,858.24,0.1,2
First Class,Home Office,Central,Chairs,470.302,0.3,2
Standard Class,Home Office,West,Chairs,291.136,0.2,2
Standard Class,Consumer,South,Bookcases,77.728,0.2,2
Standard Class,Consumer,South,Chairs,698.352,0.2,2
Standard Class,Corporate,South,Tables,120.96,0.4,2
Standard Class,Corporate,South,Furnishings,31.168,0.2,2
Second Class,Consumer,South,Chairs,301.96,0.0,2
First Class,Consumer,West,Chairs,1212.96,0.2,2
Second Class,Consumer,West,Furnishings,155.25,0.0,2
Standard Class,Consumer,West,Bookcases,917.9235,0.15,2
Standard Class,Home Office,Central,Tables,457.485,0.3,2
Standard Class,Consumer,West,Furnishings,50.32,0.0,2
Second Class,Corporate,East,Chairs,760.116,0.3,2
Second Class,Corporate,East,Furnishings,38.784,0.2,2
Second Class,Consumer,East,Furnishings,17.92,0.2,2
Standard Class,Home Office,Central,Chairs,487.96,0.0,2
Second Class,Consumer,East,Furnishings,276.69,0.0,2
Second Class,Consumer,East,Chairs,172.764,0.1,2
Second Class,Consumer,West,Tables,871.4,0.0,2
Second Class,Consumer,East,Bookcases,400.784,0.2,2
Standard Class,Corporate,South,Chairs,273.552,0.2,2
Standard Class,Consumer,Central,Furnishings,526.45,0.0,2
Second Class,Corporate,West,Furnishings,126.3,0.0,2
Standard Class,Home Office,East,Chairs,191.646,0.1,2
First Class,Corporate,East,Bookcases,638.82,0.0,2
First Class,Corporate,East,Furnishings,25.16,0.0,2
First Class,Consumer,Central,Tables,307.314,0.3,2
First Class,Consumer,Central,Bookcases,409.9992,0.32,2
Standard Class,Consumer,East,Furnishings,22.23,0.0,2
Second Class,Home Office,Central,Furnishings,14.224,0.6,2
Second Class,Consumer,West,Bookcases,435.999,0.15,2
Standard Class,Corporate,South,Furnishings,19.52,0.2,2
Second Class,Home Office,Central,Chairs,569.058,0.3,2
Same Day,Consumer,East,Tables,1044.63,0.4,2
Second Class,Home Office,East,Tables,215.148,0.4,3
First Class,Consumer,East,Furnishings,102.3,0.0,3
Standard Class,Consumer,West,Furnishings,545.85,0.0,3
Standard Class,Consumer,West,Furnishings,129.39,0.0,3
Standard Class,Consumer,South,Furnishings,23.99,0.0,3
Standard Class,Corporate,Central,Furnishings,332.028,0.6,3
Standard Class,Consumer,West,Chairs,122.136,0.2,3
Same Day,Consumer,South,Chairs,239.24,0.2,3
First Class,Consumer,East,Bookcases,87.21,0.5,3
Standard Class,Corporate,East,Furnishings,83.92,0.0,3
Standard Class,Home Office,West,Furnishings,15.84,0.0,3
First Class,Home Office,West,Furnishings,145.9,0.0,3
Standard Class,Corporate,East,Furnishings,39.98,0.0,3
Standard Class,Consumer,West,Furnishings,198.46,0.0,3
Standard Class,Home Office,Central,Furnishings,526.45,0.0,3
Second Class,Consumer,South,Furnishings,18.84,0.0,3
Second Class,Consumer,East,Furnishings,91.008,0.2,3
Standard Class,Consumer,East,Furnishings,396.92,0.2,3
Standard Class,Consumer,West,Furnishings,18.84,0.0,3
Standard Class,Consumer,West,Furnishings,276.69,0.0,3
Standard Class,Consumer,East,Tables,310.443,0.3,3
Second Class,Consumer,East,Chairs,664.146,0.1,3
First Class,Corporate,South,Tables,872.94,0.0,3
Standard Class,Consumer,South,Chairs,242.352,0.2,3
Second Class,Consumer,East,Chairs,71.372,0.3,3
